author_id,conversation_id,created_at,id,in_reply_to_user_id,like_count,quote_count,reply_count,retweet_count,text
393925343,1552739112133828609,2022-07-28T19:33:47.000Z,1552739112133828609,,0,0,0,41,"RT @naza_master: ⚫FLAMENGUISTA SEGUE FLAMENGUISTA🔴

⚫RT ESSE TWEET🔴
⚫SIGA QUEM DER FAV🔴
⚫SIGA QUEM DER RT🔴
⚫SIGA QUEM TE SEGUIR🔴
⚫️ SIGA QU…"
1070846019980664834,1554527776044097536,2022-08-02T18:01:18.000Z,1554527776044097536,,0,0,0,37,"RT @naza_master: ⚫FLAMENGUISTA SEGUE FLAMENGUISTA🔴

⚫RT ESSE TWEET🔴
⚫SIGA QUEM DER FAV🔴
⚫SIGA QUEM DER RT🔴
⚫SIGA QUEM TE SEGUIR🔴
⚫️ SIGA QU…"
1099409106908123136,1554579832184487938,2022-08-02T21:28:09.000Z,1554579832184487938,,0,0,0,51,"RT @VictorFla_: ⚫FLAMENGUISTA SEGUE FLAMENGUISTA🔴

⚫RT ESSE TWEET🔴
⚫SIGA QUEM DER FAV🔴
⚫SIGA QUEM DER RT🔴
⚫SIGA QUEM TE SEGUIR🔴
⚫️ SIGA QUE…"
2524242329,1553714933090729985,2022-07-31T12:11:21.000Z,1553714933090729985,,0,0,0,22,"RT @flanatico88: ⚫FLAMENGUISTA SEGUE FLAMENGUISTA🔴

⚫RT ESSE TWEET🔴
⚫SIGA QUEM DER FAV🔴
⚫SIGA QUEM DER RT🔴
⚫SIGA QUEM TE SEGUIR🔴
⚫️ SIGA QU…"
1286134285079130116,1553092235725602817,2022-07-29T18:56:58.000Z,1553092235725602817,,0,0,0,44,"RT @naza_master: ⚫FLAMENGUISTA SEGUE FLAMENGUISTA🔴

⚫RT ESSE TWEET🔴
⚫SIGA QUEM DER FAV🔴
⚫SIGA QUEM DER RT🔴
⚫SIGA QUEM TE SEGUIR🔴
⚫️ SIGA QU…"
1512478798368980994,1553831279694647297,2022-07-31T19:53:40.000Z,1553831279694647297,,0,0,0,43,"RT @naza_master: ⚫FLAMENGUISTA SEGUE FLAMENGUISTA🔴

⚫RT ESSE TWEET🔴
⚫SIGA QUEM DER FAV🔴
⚫SIGA QUEM DER RT🔴
⚫SIGA QUEM TE SEGUIR🔴
⚫️ SIGA QU…"
1460794677934923778,1554657026885783553,2022-08-03T02:34:53.000Z,1554657026885783553,,2,0,0,0,"🥱tudo normal como sempre 🤫
#flamengomalvadao"
4927548545,1553803516728250370,2022-07-31T18:03:21.000Z,1553803516728250370,,0,0,0,22,"RT @flanatico88: ⚫FLAMENGUISTA SEGUE FLAMENGUISTA🔴

⚫RT ESSE TWEET🔴
⚫SIGA QUEM DER FAV🔴
⚫SIGA QUEM DER RT🔴
⚫SIGA QUEM TE SEGUIR🔴
⚫️ SIGA QU…"
2880240623,1554656161277902848,2022-08-03T02:31:27.000Z,1554656161277902848,,0,0,0,1,"RT @Thiagaobradock: Tem nada ganho, boa vantagem, pés no chão!

Mas que exibição de gala 🔴⚫👏🏾
Te amo #FlamengoMalvadao"
918668349239889920,1554574341400141826,2022-08-02T21:06:20.000Z,1554574341400141826,,0,0,0,42,"RT @naza_master: ⚫FLAMENGUISTA SEGUE FLAMENGUISTA🔴

⚫RT ESSE TWEET🔴
⚫SIGA QUEM DER FAV🔴
⚫SIGA QUEM DER RT🔴
⚫SIGA QUEM TE SEGUIR🔴
⚫️ SIGA QU…"
1552343294281220099,1553764340184096778,2022-07-31T15:27:40.000Z,1553764340184096778,,0,0,0,35,"RT @naza_master: ⚫FLAMENGUISTA SEGUE FLAMENGUISTA🔴

⚫RT ESSE TWEET🔴
⚫SIGA QUEM DER FAV🔴
⚫SIGA QUEM DER RT🔴
⚫SIGA QUEM TE SEGUIR🔴
⚫️ SIGA QU…"
94453320,1554646577263919105,2022-08-03T01:53:22.000Z,1554646577263919105,,0,0,0,0,"Só fico #chateada pq Lula tá triste. Mas, a vitória da democracia vem em outubro! #LulaNoPrimeiroTurno #Flamengo #flamengomalvadao"
1303773652912144385,1554658713251840000,2022-08-03T02:41:36.000Z,1554658713251840000,,0,0,0,0,"eu indo dormir depois dessa vitória linda do mengão🖤❤️🥹🤩 
#flamengomalvadao #FLAxCOR #otopatamar #GabiGOL #arrascaeta #Libertadores2022 #vamosFlamengo https://t.co/BabZzWAt5u"
906193455222841346,1554662087342886921,2022-08-03T02:55:00.000Z,1554662087342886921,,0,0,0,0,"O FL tava que nem o Professor Xavier. Lendo os pensamentos! Sabia certinho onde o adversário iria tocar a bola!
#flamengomalvadao #Flamengo
#FLAxCOR #corinthiansvsflamengo #Libertadores2022"
345152948,1554658250783686657,2022-08-03T02:39:45.000Z,1554658250783686657,,5,0,0,0,"Ei,psiu, estou aqui, viu?! ❤️🖤
#flamengomalvadao https://t.co/ohixK28ojV"
1475232123179175936,1553039950337155073,2022-07-29T15:29:12.000Z,1553039950337155073,,0,0,0,17,"RT @flanatico88: ⚫FLAMENGUISTA SEGUE FLAMENGUISTA🔴

⚫RT ESSE TWEET🔴
⚫SIGA QUEM DER FAV🔴
⚫SIGA QUEM DER RT🔴
⚫SIGA QUEM TE SEGUIR🔴
⚫️ SIGA QU…"
1196509502251716615,1554665368723116033,2022-08-03T03:08:02.000Z,1554665368723116033,,0,0,0,0,"Reclamar agora por causa de cota de ingresso, depois de uma AULA DE FUTEBOL, é o maior #recibo do #twitter dessa noite.

Vamos dormir felizes depois de ler esse chororô !!

#flamengomalvadao #pesadelodosAntis #babaOVOdoAbel #linhadepasse #f360br https://t.co/EnjNTdHkKe https://t.co/hXT2B6vxhG"
1553562334140010496,1554655301328060418,2022-08-03T02:28:02.000Z,1554655301328060418,,0,0,0,3,RT @JoaquinaTexera: ACONTECEU UMA COISA MUITO CHATA NA NEO QUÍMICA ARENA. #flamengomalvadao #flanaconmenboltv #flanacomeboltv https://t.co/…
2780647186,1554651152125411328,2022-08-03T02:11:33.000Z,1554651152125411328,,0,0,0,0,"Rodney jogando o fino  da bola
#Libertadores2022 #flamengomalvadao @Flamengo"
1387560553804087297,1553040418543214594,2022-07-29T15:31:04.000Z,1553040418543214594,,0,0,0,41,"RT @naza_master: ⚫FLAMENGUISTA SEGUE FLAMENGUISTA🔴

⚫RT ESSE TWEET🔴
⚫SIGA QUEM DER FAV🔴
⚫SIGA QUEM DER RT🔴
⚫SIGA QUEM TE SEGUIR🔴
⚫️ SIGA QU…"
1103791240997490689,1554503017528967168,2022-08-02T16:22:55.000Z,1554503017528967168,,0,0,0,37,"RT @naza_master: ⚫FLAMENGUISTA SEGUE FLAMENGUISTA🔴

⚫RT ESSE TWEET🔴
⚫SIGA QUEM DER FAV🔴
⚫SIGA QUEM DER RT🔴
⚫SIGA QUEM TE SEGUIR🔴
⚫️ SIGA QU…"
1236389390764703745,1554257357068271616,2022-08-02T00:06:45.000Z,1554257357068271616,,0,0,0,37,"RT @naza_master: ⚫FLAMENGUISTA SEGUE FLAMENGUISTA🔴

⚫RT ESSE TWEET🔴
⚫SIGA QUEM DER FAV🔴
⚫SIGA QUEM DER RT🔴
⚫SIGA QUEM TE SEGUIR🔴
⚫️ SIGA QU…"
2466943866,1554656398142758914,2022-08-03T02:32:24.000Z,1554656398142758914,,4,0,0,3,"Como é maravilhoso ver o futebol desse cara! Simplesmente Giorgian De Arrascaeta 🔴⚫️
#FLAxCOR #LibertadoresNoSBT #colunadofla #flamengomalvadao https://t.co/XrNdRKQT5D"
57846928,1554659908456521728,2022-08-03T02:46:21.000Z,1554659908456521728,,0,0,0,0,Da licença q ta passando n tl o homão do momento #FLAxCOR #flamengomalvadao #rodilindo https://t.co/EYY1QOjViX
1302261595540729856,1554550583385903105,2022-08-02T19:31:55.000Z,1554550583385903105,,0,0,0,42,"RT @naza_master: ⚫FLAMENGUISTA SEGUE FLAMENGUISTA🔴

⚫RT ESSE TWEET🔴
⚫SIGA QUEM DER FAV🔴
⚫SIGA QUEM DER RT🔴
⚫SIGA QUEM TE SEGUIR🔴
⚫️ SIGA QU…"
1426835768,1554554310373117959,2022-08-02T19:46:44.000Z,1554554310373117959,,0,0,0,10,"RT @LuccasRIO: BOA NOITE NR🌟🔴⚫

⚫FLAMENGUISTA SEGUE FLAMENGUISTA🔴

⚫RT ESSE TWEET🔴
⚫SIGA QUEM DER FAV🔴
⚫SIGA QUEM DER RT🔴
⚫SIGA QUEM TE SEG…"
3772659856,1554414335430217728,2022-08-02T10:30:31.000Z,1554414335430217728,,0,0,0,30,"RT @ajudesalvardan1: #flamengomalvadao 
E uma luta incansável pessoal ajudem divulguem pois Daniel tem um gasto de 2500.00 por mes sem cont…"
904454922049126405,1553817713524572163,2022-07-31T18:59:46.000Z,1553817713524572163,,0,0,0,43,"RT @naza_master: ⚫FLAMENGUISTA SEGUE FLAMENGUISTA🔴

⚫RT ESSE TWEET🔴
⚫SIGA QUEM DER FAV🔴
⚫SIGA QUEM DER RT🔴
⚫SIGA QUEM TE SEGUIR🔴
⚫️ SIGA QU…"
1539260569827659779,1553459276542246912,2022-07-30T19:15:28.000Z,1553459276542246912,,0,0,0,35,"RT @naza_master: ⚫FLAMENGUISTA SEGUE FLAMENGUISTA🔴

⚫RT ESSE TWEET🔴
⚫SIGA QUEM DER FAV🔴
⚫SIGA QUEM DER RT🔴
⚫SIGA QUEM TE SEGUIR🔴
⚫️ SIGA QU…"
865657878,1554655626017611776,2022-08-03T02:29:20.000Z,1554655626017611776,,0,0,0,0,"Ficou barato.
#VamosFlamengo
#Libertadores2022 
#flamengomalvadao"
1539764831263285254,1554471764025118727,2022-08-02T14:18:43.000Z,1554471764025118727,,0,0,0,30,"RT @ajudesalvardan1: #flamengomalvadao 
E uma luta incansável pessoal ajudem divulguem pois Daniel tem um gasto de 2500.00 por mes sem cont…"
1387560553804087297,1553887240614445058,2022-07-31T23:36:02.000Z,1553887240614445058,,0,0,0,22,"RT @flanatico88: ⚫FLAMENGUISTA SEGUE FLAMENGUISTA🔴

⚫RT ESSE TWEET🔴
⚫SIGA QUEM DER FAV🔴
⚫SIGA QUEM DER RT🔴
⚫SIGA QUEM TE SEGUIR🔴
⚫️ SIGA QU…"
1363618584736518150,1553907276548870144,2022-08-01T00:55:39.000Z,1553907276548870144,,0,0,0,22,"RT @flanatico88: ⚫FLAMENGUISTA SEGUE FLAMENGUISTA🔴

⚫RT ESSE TWEET🔴
⚫SIGA QUEM DER FAV🔴
⚫SIGA QUEM DER RT🔴
⚫SIGA QUEM TE SEGUIR🔴
⚫️ SIGA QU…"
1549733531345199106,1554467427504848897,2022-08-02T14:01:29.000Z,1554467427504848897,,0,0,0,37,"RT @naza_master: ⚫FLAMENGUISTA SEGUE FLAMENGUISTA🔴

⚫RT ESSE TWEET🔴
⚫SIGA QUEM DER FAV🔴
⚫SIGA QUEM DER RT🔴
⚫SIGA QUEM TE SEGUIR🔴
⚫️ SIGA QU…"
884323732986179584,1552484296698593280,2022-07-28T02:41:14.000Z,1552484296698593280,,0,0,0,36,"RT @naza_master: ⚫FLAMENGUISTA SEGUE FLAMENGUISTA🔴

⚫RT ESSE TWEET🔴
⚫SIGA QUEM DER FAV🔴
⚫SIGA QUEM DER RT🔴
⚫SIGA QUEM TE SEGUIR🔴
⚫️ SIGA QU…"
2626436004,1553339655495499777,2022-07-30T11:20:08.000Z,1553339655495499777,,0,0,0,44,"RT @naza_master: ⚫FLAMENGUISTA SEGUE FLAMENGUISTA🔴

⚫RT ESSE TWEET🔴
⚫SIGA QUEM DER FAV🔴
⚫SIGA QUEM DER RT🔴
⚫SIGA QUEM TE SEGUIR🔴
⚫️ SIGA QU…"
1104594452520361985,1552993597053698049,2022-07-29T12:25:01.000Z,1552993597053698049,,0,0,0,17,"RT @flanatico88: ⚫FLAMENGUISTA SEGUE FLAMENGUISTA🔴

⚫RT ESSE TWEET🔴
⚫SIGA QUEM DER FAV🔴
⚫SIGA QUEM DER RT🔴
⚫SIGA QUEM TE SEGUIR🔴
⚫️ SIGA QU…"
1512615331549917187,1554654754504118273,2022-08-03T02:25:52.000Z,1554654754504118273,,0,0,0,0,"A verdade foi Flamengo não fez esforço pra ganhar esse jogo, hoje foi uma naturalidade, leveza.. eles sabem representar!!! ❤️🖤 #flamengomalvadao"
776933672306049024,1554548059274633217,2022-08-02T19:21:54.000Z,1554548059274633217,,0,0,0,42,"RT @naza_master: ⚫FLAMENGUISTA SEGUE FLAMENGUISTA🔴

⚫RT ESSE TWEET🔴
⚫SIGA QUEM DER FAV🔴
⚫SIGA QUEM DER RT🔴
⚫SIGA QUEM TE SEGUIR🔴
⚫️ SIGA QU…"
4711874296,1554217265339457537,2022-08-01T21:27:26.000Z,1554217265339457537,,0,0,0,5,"RT @VictorNarrador: Balançoooou!!
A base tá como, #Nação ?!
#COVAAAAARDE 

@Lazarovini10
Abre o caminho pra goleada do #mengao na goleada (…"
1256274118116286476,1554534473638854656,2022-08-02T18:27:55.000Z,1554534473638854656,,0,0,0,51,"RT @VictorFla_: ⚫FLAMENGUISTA SEGUE FLAMENGUISTA🔴

⚫RT ESSE TWEET🔴
⚫SIGA QUEM DER FAV🔴
⚫SIGA QUEM DER RT🔴
⚫SIGA QUEM TE SEGUIR🔴
⚫️ SIGA QUE…"
1138183270129119232,1553513841815961600,2022-07-30T22:52:17.000Z,1553513841815961600,,0,0,0,35,"RT @naza_master: ⚫FLAMENGUISTA SEGUE FLAMENGUISTA🔴

⚫RT ESSE TWEET🔴
⚫SIGA QUEM DER FAV🔴
⚫SIGA QUEM DER RT🔴
⚫SIGA QUEM TE SEGUIR🔴
⚫️ SIGA QU…"
185811004,1554540268040355841,2022-08-02T18:50:56.000Z,1554540268040355841,,0,0,0,10,"RT @LuccasRIO: BOA NOITE NR🌟🔴⚫

⚫FLAMENGUISTA SEGUE FLAMENGUISTA🔴

⚫RT ESSE TWEET🔴
⚫SIGA QUEM DER FAV🔴
⚫SIGA QUEM DER RT🔴
⚫SIGA QUEM TE SEG…"
1477847250068025344,1552837313419411457,2022-07-29T02:04:00.000Z,1552837313419411457,,0,0,0,41,"RT @naza_master: ⚫FLAMENGUISTA SEGUE FLAMENGUISTA🔴

⚫RT ESSE TWEET🔴
⚫SIGA QUEM DER FAV🔴
⚫SIGA QUEM DER RT🔴
⚫SIGA QUEM TE SEGUIR🔴
⚫️ SIGA QU…"
1255334447341359106,1554555501022744578,2022-08-02T19:51:28.000Z,1554555501022744578,,0,0,0,42,"RT @naza_master: ⚫FLAMENGUISTA SEGUE FLAMENGUISTA🔴

⚫RT ESSE TWEET🔴
⚫SIGA QUEM DER FAV🔴
⚫SIGA QUEM DER RT🔴
⚫SIGA QUEM TE SEGUIR🔴
⚫️ SIGA QU…"
72922119,1554644640497795072,2022-08-03T01:45:40.000Z,1554644640497795072,,0,0,0,0,"Arrasca e GabiGol. Eita. Se o curintiah jogando atrás ta nesse sufoco, imagina quando eles tiverem que partir pra cima lá no maraca.  #Flamengo #flamengomalvadao"
86757546,1554556889110904832,2022-08-02T19:56:59.000Z,1554556889110904832,,0,0,0,42,"RT @naza_master: ⚫FLAMENGUISTA SEGUE FLAMENGUISTA🔴

⚫RT ESSE TWEET🔴
⚫SIGA QUEM DER FAV🔴
⚫SIGA QUEM DER RT🔴
⚫SIGA QUEM TE SEGUIR🔴
⚫️ SIGA QU…"
1204636376592990208,1554481461809520641,2022-08-02T14:57:16.000Z,1554481461809520641,,0,0,0,30,"RT @ajudesalvardan1: #flamengomalvadao 
E uma luta incansável pessoal ajudem divulguem pois Daniel tem um gasto de 2500.00 por mes sem cont…"
900887442848444417,1554550727116296196,2022-08-02T19:32:30.000Z,1554550727116296196,,0,0,0,42,"RT @naza_master: ⚫FLAMENGUISTA SEGUE FLAMENGUISTA🔴

⚫RT ESSE TWEET🔴
⚫SIGA QUEM DER FAV🔴
⚫SIGA QUEM DER RT🔴
⚫SIGA QUEM TE SEGUIR🔴
⚫️ SIGA QU…"
473200551,1554416968656162817,2022-08-02T10:40:59.000Z,1554416968656162817,,0,0,0,30,"RT @ajudesalvardan1: #flamengomalvadao 
E uma luta incansável pessoal ajudem divulguem pois Daniel tem um gasto de 2500.00 por mes sem cont…"
1552450752173449221,1554655181731762176,2022-08-03T02:27:34.000Z,1554655181731762176,,0,0,0,3,RT @JoaquinaTexera: ACONTECEU UMA COISA MUITO CHATA NA NEO QUÍMICA ARENA. #flamengomalvadao #flanaconmenboltv #flanacomeboltv https://t.co/…
1029099061096460288,1554671990321160192,2022-08-03T03:34:21.000Z,1554671990321160192,,0,0,0,2,"RT @imperador_fsc: #BoaNoite #Flamengomalvadao  #Flamengo 💤🏴🚩🤫

#colunadofla https://t.co/oZ0EYPe9CY"
990120557583749121,1552774466689814528,2022-07-28T21:54:16.000Z,1552774466689814528,,0,0,0,41,"RT @naza_master: ⚫FLAMENGUISTA SEGUE FLAMENGUISTA🔴

⚫RT ESSE TWEET🔴
⚫SIGA QUEM DER FAV🔴
⚫SIGA QUEM DER RT🔴
⚫SIGA QUEM TE SEGUIR🔴
⚫️ SIGA QU…"
1462497463231827974,1554664679485673472,2022-08-03T03:05:18.000Z,1554664679485673472,,1,0,1,0,"Gigantes em todo lugar
#mengao #flamengomalvadao #campeao #GabiGOL https://t.co/Z7KKH575rL"
900887442848444417,1553727358594650113,2022-07-31T13:00:43.000Z,1553727358594650113,,0,0,0,35,"RT @naza_master: ⚫FLAMENGUISTA SEGUE FLAMENGUISTA🔴

⚫RT ESSE TWEET🔴
⚫SIGA QUEM DER FAV🔴
⚫SIGA QUEM DER RT🔴
⚫SIGA QUEM TE SEGUIR🔴
⚫️ SIGA QU…"
1551173889111347205,1554640635340197891,2022-08-03T01:29:45.000Z,1554640635340197891,,0,0,0,0,"Arrasca arrasa. #Flamengo #flamengomalvadao
#trickfladadepressão #pegalácássio"
1081380734,1554466164323061761,2022-08-02T13:56:28.000Z,1554466164323061761,,0,0,0,30,"RT @ajudesalvardan1: #flamengomalvadao 
E uma luta incansável pessoal ajudem divulguem pois Daniel tem um gasto de 2500.00 por mes sem cont…"
884323732986179584,1554685596274229248,2022-08-03T04:28:25.000Z,1554685596274229248,,0,0,0,51,"RT @VictorFla_: ⚫FLAMENGUISTA SEGUE FLAMENGUISTA🔴

⚫RT ESSE TWEET🔴
⚫SIGA QUEM DER FAV🔴
⚫SIGA QUEM DER RT🔴
⚫SIGA QUEM TE SEGUIR🔴
⚫️ SIGA QUE…"
1432043076688678912,1554615173398274050,2022-08-02T23:48:35.000Z,1554615173398274050,,0,0,0,42,"RT @naza_master: ⚫FLAMENGUISTA SEGUE FLAMENGUISTA🔴

⚫RT ESSE TWEET🔴
⚫SIGA QUEM DER FAV🔴
⚫SIGA QUEM DER RT🔴
⚫SIGA QUEM TE SEGUIR🔴
⚫️ SIGA QU…"
1387560553804087297,1552448549060755460,2022-07-28T00:19:11.000Z,1552448549060755460,,0,0,0,36,"RT @naza_master: ⚫FLAMENGUISTA SEGUE FLAMENGUISTA🔴

⚫RT ESSE TWEET🔴
⚫SIGA QUEM DER FAV🔴
⚫SIGA QUEM DER RT🔴
⚫SIGA QUEM TE SEGUIR🔴
⚫️ SIGA QU…"
1539260569827659779,1553579283561545729,2022-07-31T03:12:19.000Z,1553579283561545729,,0,0,0,22,"RT @flanatico88: ⚫FLAMENGUISTA SEGUE FLAMENGUISTA🔴

⚫RT ESSE TWEET🔴
⚫SIGA QUEM DER FAV🔴
⚫SIGA QUEM DER RT🔴
⚫SIGA QUEM TE SEGUIR🔴
⚫️ SIGA QU…"
136446010,1554655430823104513,2022-08-03T02:28:33.000Z,1554655430823104513,,0,0,0,0,Dorival é melhor que jesus. #flamengomalvadao #FLAxCOR
1361031685,1554509835848261633,2022-08-02T16:50:00.000Z,1554509835848261633,,0,0,0,51,"RT @VictorFla_: ⚫FLAMENGUISTA SEGUE FLAMENGUISTA🔴

⚫RT ESSE TWEET🔴
⚫SIGA QUEM DER FAV🔴
⚫SIGA QUEM DER RT🔴
⚫SIGA QUEM TE SEGUIR🔴
⚫️ SIGA QUE…"
1458612649957208069,1554828859534544896,2022-08-03T13:57:42.000Z,1554828859534544896,,0,0,0,0,To muito feliz mano 🥰❤🖤 #Flamengo #FlamengoXCorinthians #flamengomalvadao https://t.co/zhA1zVJlX5
1104594452520361985,1552370699201028096,2022-07-27T19:09:50.000Z,1552370699201028096,,0,0,0,36,"RT @naza_master: ⚫FLAMENGUISTA SEGUE FLAMENGUISTA🔴

⚫RT ESSE TWEET🔴
⚫SIGA QUEM DER FAV🔴
⚫SIGA QUEM DER RT🔴
⚫SIGA QUEM TE SEGUIR🔴
⚫️ SIGA QU…"
1553562334140010496,1554654823047467015,2022-08-03T02:26:08.000Z,1554654823047467015,,5,0,0,3,ACONTECEU UMA COISA MUITO CHATA NA NEO QUÍMICA ARENA. #flamengomalvadao #flanaconmenboltv #flanacomeboltv https://t.co/rGZsWA5eMy
3083841756,1554575608579067905,2022-08-02T21:11:22.000Z,1554575608579067905,,0,0,0,42,"RT @naza_master: ⚫FLAMENGUISTA SEGUE FLAMENGUISTA🔴

⚫RT ESSE TWEET🔴
⚫SIGA QUEM DER FAV🔴
⚫SIGA QUEM DER RT🔴
⚫SIGA QUEM TE SEGUIR🔴
⚫️ SIGA QU…"
1440673369993605124,1554538517455421442,2022-08-02T18:43:59.000Z,1554538517455421442,,0,0,0,51,"RT @VictorFla_: ⚫FLAMENGUISTA SEGUE FLAMENGUISTA🔴

⚫RT ESSE TWEET🔴
⚫SIGA QUEM DER FAV🔴
⚫SIGA QUEM DER RT🔴
⚫SIGA QUEM TE SEGUIR🔴
⚫️ SIGA QUE…"
303494985,1554421634026569730,2022-08-02T10:59:31.000Z,1554421634026569730,,0,0,0,37,"RT @naza_master: ⚫FLAMENGUISTA SEGUE FLAMENGUISTA🔴

⚫RT ESSE TWEET🔴
⚫SIGA QUEM DER FAV🔴
⚫SIGA QUEM DER RT🔴
⚫SIGA QUEM TE SEGUIR🔴
⚫️ SIGA QU…"
1148360236471914497,1553133331344232448,2022-07-29T21:40:16.000Z,1553133331344232448,,0,0,0,44,"RT @naza_master: ⚫FLAMENGUISTA SEGUE FLAMENGUISTA🔴

⚫RT ESSE TWEET🔴
⚫SIGA QUEM DER FAV🔴
⚫SIGA QUEM DER RT🔴
⚫SIGA QUEM TE SEGUIR🔴
⚫️ SIGA QU…"
4228739188,1554677438239707137,2022-08-03T03:56:00.000Z,1554677438239707137,,0,0,0,1,RT @LouisGuuh: Essa tática do  #Dorival  não tem erro . #flamengomalvadao https://t.co/Bx2pBWEMUv
1503230686223912962,1552604541140586496,2022-07-28T10:39:03.000Z,1552604541140586496,,0,0,0,36,"RT @naza_master: ⚫FLAMENGUISTA SEGUE FLAMENGUISTA🔴

⚫RT ESSE TWEET🔴
⚫SIGA QUEM DER FAV🔴
⚫SIGA QUEM DER RT🔴
⚫SIGA QUEM TE SEGUIR🔴
⚫️ SIGA QU…"
1550937040577073152,1554629575702896641,2022-08-03T00:45:49.000Z,1554629575702896641,,0,0,0,42,"RT @naza_master: ⚫FLAMENGUISTA SEGUE FLAMENGUISTA🔴

⚫RT ESSE TWEET🔴
⚫SIGA QUEM DER FAV🔴
⚫SIGA QUEM DER RT🔴
⚫SIGA QUEM TE SEGUIR🔴
⚫️ SIGA QU…"
948367630867496960,1552969784848965633,2022-07-29T10:50:24.000Z,1552969784848965633,,0,0,0,41,"RT @naza_master: ⚫FLAMENGUISTA SEGUE FLAMENGUISTA🔴

⚫RT ESSE TWEET🔴
⚫SIGA QUEM DER FAV🔴
⚫SIGA QUEM DER RT🔴
⚫SIGA QUEM TE SEGUIR🔴
⚫️ SIGA QU…"
1305300158805143554,1554658954222993413,2022-08-03T02:42:33.000Z,1554658954222993413,,10,0,0,2,Respeito o Mengão meu freguês 😎♥️🖤 #flamengo #flamengomalvadao https://t.co/72iyli2h9X
1554275398741069827,1554669735454949382,2022-08-03T03:25:23.000Z,1554669735454949382,,1,0,0,0,Pq choras Corinthiano?? KKKKKKKK #flamengomalvadao https://t.co/vo0fnWenax
1478876692743696387,1554654684660523008,2022-08-03T02:25:35.000Z,1554654684660523008,,0,0,0,0,Segue tudo normal na nossa casa  @NeoQuimicaArena  kkkkk. #FLAxCOR  #flanacomeboltv  #flamengomalvadao
481750748,1554651377380507648,2022-08-03T02:12:27.000Z,1554651377380507648,,0,0,0,0,Acho que + 1 fecharia o caixão #Flamengo #flamengomalvadao
1144206945592762369,1554656582809575425,2022-08-03T02:33:08.000Z,1554656582809575425,,0,0,0,3,"RT @gregolytorres: Como é maravilhoso ver o futebol desse cara! Simplesmente Giorgian De Arrascaeta 🔴⚫️
#FLAxCOR #LibertadoresNoSBT #coluna…"
998224312162234368,1554821494466904065,2022-08-03T13:28:26.000Z,1554821494466904065,,0,0,0,0,"#flamengomalvadao 
Oiaaaaa ele aí @GiorgiandeA https://t.co/aGPixtKtZr"
1204609973923262465,1552728407724670978,2022-07-28T18:51:15.000Z,1552728407724670978,,0,0,0,36,"RT @naza_master: ⚫FLAMENGUISTA SEGUE FLAMENGUISTA🔴

⚫RT ESSE TWEET🔴
⚫SIGA QUEM DER FAV🔴
⚫SIGA QUEM DER RT🔴
⚫SIGA QUEM TE SEGUIR🔴
⚫️ SIGA QU…"
1324744185690398721,1554742391931912193,2022-08-03T08:14:06.000Z,1554742391931912193,,0,0,0,42,"RT @naza_master: ⚫FLAMENGUISTA SEGUE FLAMENGUISTA🔴

⚫RT ESSE TWEET🔴
⚫SIGA QUEM DER FAV🔴
⚫SIGA QUEM DER RT🔴
⚫SIGA QUEM TE SEGUIR🔴
⚫️ SIGA QU…"
3014404985,1554672250510508032,2022-08-03T03:42:40.000Z,1554674082586791939,59591856,4,0,0,1,"@Flamengo 🔥🔴⚫️ WTF BRO!!! ¨%$#%$*&amp; ⚫️🔴🔥
... #Rodinei \"strikes again!\"

#Flamengo  #flamengomalvadao https://t.co/zBDBKcyb9B"
1441402515044581376,1554554475163140101,2022-08-02T19:47:23.000Z,1554554475163140101,,0,0,0,51,"RT @VictorFla_: ⚫FLAMENGUISTA SEGUE FLAMENGUISTA🔴

⚫RT ESSE TWEET🔴
⚫SIGA QUEM DER FAV🔴
⚫SIGA QUEM DER RT🔴
⚫SIGA QUEM TE SEGUIR🔴
⚫️ SIGA QUE…"
3083841756,1553131826767691778,2022-07-29T21:34:17.000Z,1553131826767691778,,0,0,0,44,"RT @naza_master: ⚫FLAMENGUISTA SEGUE FLAMENGUISTA🔴

⚫RT ESSE TWEET🔴
⚫SIGA QUEM DER FAV🔴
⚫SIGA QUEM DER RT🔴
⚫SIGA QUEM TE SEGUIR🔴
⚫️ SIGA QU…"
1327067620122750977,1552429295280201729,2022-07-27T23:02:41.000Z,1552429295280201729,,0,0,0,36,"RT @naza_master: ⚫FLAMENGUISTA SEGUE FLAMENGUISTA🔴

⚫RT ESSE TWEET🔴
⚫SIGA QUEM DER FAV🔴
⚫SIGA QUEM DER RT🔴
⚫SIGA QUEM TE SEGUIR🔴
⚫️ SIGA QU…"
1474029903662170116,1554636649774157824,2022-08-03T01:13:55.000Z,1554636649774157824,,1,0,0,0,"AQUI É MENGÃO CRLHH! EXQUECE!!! 🤬❤🖤
#Flamengo #flamengomalvadao #CRF #mengao #Corinthians"
1402801393572921346,1553511693191462913,2022-07-30T22:43:45.000Z,1553511693191462913,,0,0,0,35,"RT @naza_master: ⚫FLAMENGUISTA SEGUE FLAMENGUISTA🔴

⚫RT ESSE TWEET🔴
⚫SIGA QUEM DER FAV🔴
⚫SIGA QUEM DER RT🔴
⚫SIGA QUEM TE SEGUIR🔴
⚫️ SIGA QU…"
1019429425841090560,1554657566289952770,2022-08-03T02:37:02.000Z,1554657566289952770,59591856,0,0,0,0,"@Flamengo
#FLAxCOR
#flamengomalvadao 
#Flamengo https://t.co/GV1ZemRhR3"
1441402515044581376,1554197144629903361,2022-08-01T20:07:29.000Z,1554197144629903361,,0,0,0,37,"RT @naza_master: ⚫FLAMENGUISTA SEGUE FLAMENGUISTA🔴

⚫RT ESSE TWEET🔴
⚫SIGA QUEM DER FAV🔴
⚫SIGA QUEM DER RT🔴
⚫SIGA QUEM TE SEGUIR🔴
⚫️ SIGA QU…"
787435465,1554416125403971585,2022-08-02T10:37:38.000Z,1554416125403971585,,0,0,0,30,"RT @ajudesalvardan1: #flamengomalvadao 
E uma luta incansável pessoal ajudem divulguem pois Daniel tem um gasto de 2500.00 por mes sem cont…"
1540849609676832768,1553560587615043585,2022-07-31T01:58:02.000Z,1553560587615043585,,1,0,0,0,"⚫FLAMENGUISTA SEGUE FLAMENGUISTA🔴

⚫RT ESSE TWEET🔴
⚫SIGA QUEM DER FAV🔴
⚫SIGA QUEM DER RT🔴
⚫SIGA QUEM TE SEGUIR🔴
⚫️ SIGA QUEM CURTIR SEU COMENTÁRIO 🔴

➡ Vou seguir todos que derem RT/e me seguir.
#RNsegueRN
#flamengomalvadao"
1489193161977212939,1554624328163069953,2022-08-03T00:24:58.000Z,1554624328163069953,,0,0,0,0,Bora Mengooooo #CORxFLA #flamengomalvadao
1441402515044581376,1552974014838185984,2022-07-29T11:07:12.000Z,1552974014838185984,,0,0,0,17,"RT @flanatico88: ⚫FLAMENGUISTA SEGUE FLAMENGUISTA🔴

⚫RT ESSE TWEET🔴
⚫SIGA QUEM DER FAV🔴
⚫SIGA QUEM DER RT🔴
⚫SIGA QUEM TE SEGUIR🔴
⚫️ SIGA QU…"
1148360236471914497,1554210267600486400,2022-08-01T20:59:38.000Z,1554210267600486400,,0,0,0,37,"RT @naza_master: ⚫FLAMENGUISTA SEGUE FLAMENGUISTA🔴

⚫RT ESSE TWEET🔴
⚫SIGA QUEM DER FAV🔴
⚫SIGA QUEM DER RT🔴
⚫SIGA QUEM TE SEGUIR🔴
⚫️ SIGA QU…"
1327067620122750977,1554606400113938434,2022-08-02T23:13:43.000Z,1554606400113938434,,0,0,0,51,"RT @VictorFla_: ⚫FLAMENGUISTA SEGUE FLAMENGUISTA🔴

⚫RT ESSE TWEET🔴
⚫SIGA QUEM DER FAV🔴
⚫SIGA QUEM DER RT🔴
⚫SIGA QUEM TE SEGUIR🔴
⚫️ SIGA QUE…"
918668349239889920,1552982613052252160,2022-07-29T11:41:22.000Z,1552982613052252160,,0,0,0,17,"RT @flanatico88: ⚫FLAMENGUISTA SEGUE FLAMENGUISTA🔴

⚫RT ESSE TWEET🔴
⚫SIGA QUEM DER FAV🔴
⚫SIGA QUEM DER RT🔴
⚫SIGA QUEM TE SEGUIR🔴
⚫️ SIGA QU…"
1311856957565931520,1554653968218947585,2022-08-03T02:22:44.000Z,1554653968218947585,,1,0,0,0,"#vamosflamengo
Em terra de urubu gavião N tem vez kkkkkkk 
#colunadofla #flamengomalvadao 
#FLAxCOR"
792555646017208320,1554250028117532672,2022-08-01T23:37:37.000Z,1554250028117532672,,0,0,0,10,"RT @LuccasRIO: BOA NOITE NR🌟🔴⚫

⚫FLAMENGUISTA SEGUE FLAMENGUISTA🔴

⚫RT ESSE TWEET🔴
⚫SIGA QUEM DER FAV🔴
⚫SIGA QUEM DER RT🔴
⚫SIGA QUEM TE SEG…"
110002533,1554639590937563137,2022-08-03T01:25:36.000Z,1554639590937563137,,0,0,0,42,"RT @naza_master: ⚫FLAMENGUISTA SEGUE FLAMENGUISTA🔴

⚫RT ESSE TWEET🔴
⚫SIGA QUEM DER FAV🔴
⚫SIGA QUEM DER RT🔴
⚫SIGA QUEM TE SEGUIR🔴
⚫️ SIGA QU…"
876118916170481664,1554657080434466816,2022-08-03T02:35:06.000Z,1554657080434466816,,6,0,0,0,#FLA #flamengomalvadao #MengaoPeloMundo https://t.co/06b6K22S1i
1302733579747840001,1554467940665270274,2022-08-02T14:03:32.000Z,1554467940665270274,,0,0,0,30,"RT @ajudesalvardan1: #flamengomalvadao 
E uma luta incansável pessoal ajudem divulguem pois Daniel tem um gasto de 2500.00 por mes sem cont…"
1476946225240981505,1554660098533998592,2022-08-03T02:47:06.000Z,1554660098533998592,,2,0,1,0,"⚠️CRAQUE DO JOGO⚠️

E então, Nação Rubro-negra. Após esta partida com pouquíssimos erros por parte do #flamengomalvadao, quem foi o craque da partida na sua opinião?
Defesa sólida, Rodinei apoiando horrores, ataque participativo... e agora?
#FLAxCOR #RNsegueRN #AntonioMoraesNews"
1453549115170766853,1554611786858594305,2022-08-02T23:35:07.000Z,1554611786858594305,,0,0,0,42,"RT @naza_master: ⚫FLAMENGUISTA SEGUE FLAMENGUISTA🔴

⚫RT ESSE TWEET🔴
⚫SIGA QUEM DER FAV🔴
⚫SIGA QUEM DER RT🔴
⚫SIGA QUEM TE SEGUIR🔴
⚫️ SIGA QU…"
2524242329,1554552516725145609,2022-08-02T19:39:36.000Z,1554552516725145609,,0,0,0,51,"RT @VictorFla_: ⚫FLAMENGUISTA SEGUE FLAMENGUISTA🔴

⚫RT ESSE TWEET🔴
⚫SIGA QUEM DER FAV🔴
⚫SIGA QUEM DER RT🔴
⚫SIGA QUEM TE SEGUIR🔴
⚫️ SIGA QUE…"
1402431524574830600,1554624797656682498,2022-08-03T00:26:49.000Z,1554624797656682498,,0,0,0,0,Vamos Meeeeeeeengoooooooooo. Pra cima deles. #flamengomalvadao @Flamengo
1260254433021177856,1552775216337674240,2022-07-28T21:57:15.000Z,1552775216337674240,,0,0,0,41,"RT @naza_master: ⚫FLAMENGUISTA SEGUE FLAMENGUISTA🔴

⚫RT ESSE TWEET🔴
⚫SIGA QUEM DER FAV🔴
⚫SIGA QUEM DER RT🔴
⚫SIGA QUEM TE SEGUIR🔴
⚫️ SIGA QU…"
3890762062,1554794298725605376,2022-08-03T11:40:22.000Z,1554794298725605376,,1,0,0,0,"No Itaquerão Gavião, Virou #Galinha ( #Flamengo #flamengomalvadao #mengao /@Flamengo @ubzoficial @Arrascaeta_14 @evertonri @DavidLuiz_4 https://t.co/r7tFChe8hl"
1481121069717196802,1554570190444167168,2022-08-02T20:49:50.000Z,1554570190444167168,,0,0,0,42,"RT @naza_master: ⚫FLAMENGUISTA SEGUE FLAMENGUISTA🔴

⚫RT ESSE TWEET🔴
⚫SIGA QUEM DER FAV🔴
⚫SIGA QUEM DER RT🔴
⚫SIGA QUEM TE SEGUIR🔴
⚫️ SIGA QU…"
1511906053503524870,1554617400674467840,2022-08-02T23:57:26.000Z,1554617400674467840,,0,0,0,42,"RT @naza_master: ⚫FLAMENGUISTA SEGUE FLAMENGUISTA🔴

⚫RT ESSE TWEET🔴
⚫SIGA QUEM DER FAV🔴
⚫SIGA QUEM DER RT🔴
⚫SIGA QUEM TE SEGUIR🔴
⚫️ SIGA QU…"
873691334611275777,1553530256363069459,2022-07-30T23:57:30.000Z,1553530256363069459,,0,0,0,35,"RT @naza_master: ⚫FLAMENGUISTA SEGUE FLAMENGUISTA🔴

⚫RT ESSE TWEET🔴
⚫SIGA QUEM DER FAV🔴
⚫SIGA QUEM DER RT🔴
⚫SIGA QUEM TE SEGUIR🔴
⚫️ SIGA QU…"
1540849609676832768,1554545011571687425,2022-08-02T19:09:47.000Z,1554545011571687425,,0,0,0,42,"RT @naza_master: ⚫FLAMENGUISTA SEGUE FLAMENGUISTA🔴

⚫RT ESSE TWEET🔴
⚫SIGA QUEM DER FAV🔴
⚫SIGA QUEM DER RT🔴
⚫SIGA QUEM TE SEGUIR🔴
⚫️ SIGA QU…"
724780198479183872,1554312888667570176,2022-08-02T03:47:25.000Z,1554312888667570176,,0,0,0,37,"RT @naza_master: ⚫FLAMENGUISTA SEGUE FLAMENGUISTA🔴

⚫RT ESSE TWEET🔴
⚫SIGA QUEM DER FAV🔴
⚫SIGA QUEM DER RT🔴
⚫SIGA QUEM TE SEGUIR🔴
⚫️ SIGA QU…"
1505495688544759808,1553108499823034371,2022-07-29T20:01:36.000Z,1553108499823034371,,0,0,0,44,"RT @naza_master: ⚫FLAMENGUISTA SEGUE FLAMENGUISTA🔴

⚫RT ESSE TWEET🔴
⚫SIGA QUEM DER FAV🔴
⚫SIGA QUEM DER RT🔴
⚫SIGA QUEM TE SEGUIR🔴
⚫️ SIGA QU…"
1426740992351293440,1554607251431866371,2022-08-02T23:17:06.000Z,1554607251431866371,,0,0,0,30,"RT @ajudesalvardan1: #flamengomalvadao 
E uma luta incansável pessoal ajudem divulguem pois Daniel tem um gasto de 2500.00 por mes sem cont…"
545757938,1553000365758480390,2022-07-29T12:51:55.000Z,1553000365758480390,,0,0,0,17,"RT @flanatico88: ⚫FLAMENGUISTA SEGUE FLAMENGUISTA🔴

⚫RT ESSE TWEET🔴
⚫SIGA QUEM DER FAV🔴
⚫SIGA QUEM DER RT🔴
⚫SIGA QUEM TE SEGUIR🔴
⚫️ SIGA QU…"
1387560553804087297,1554567806397878272,2022-08-02T20:40:22.000Z,1554567806397878272,,0,0,0,51,"RT @VictorFla_: ⚫FLAMENGUISTA SEGUE FLAMENGUISTA🔴

⚫RT ESSE TWEET🔴
⚫SIGA QUEM DER FAV🔴
⚫SIGA QUEM DER RT🔴
⚫SIGA QUEM TE SEGUIR🔴
⚫️ SIGA QUE…"
918668349239889920,1553714330977312771,2022-07-31T12:08:57.000Z,1553714330977312771,,0,0,0,35,"RT @naza_master: ⚫FLAMENGUISTA SEGUE FLAMENGUISTA🔴

⚫RT ESSE TWEET🔴
⚫SIGA QUEM DER FAV🔴
⚫SIGA QUEM DER RT🔴
⚫SIGA QUEM TE SEGUIR🔴
⚫️ SIGA QU…"
1458612649957208069,1554674177600274432,2022-08-03T03:43:03.000Z,1554674177600274432,,0,0,0,0,Flamengo ganhou porra Aaaaa to mt feliz #Flamengo #flamengomalvadao https://t.co/7ccdxQXJUs
200222723,1553876412184100869,2022-07-31T22:53:00.000Z,1553876412184100869,,0,0,0,43,"RT @naza_master: ⚫FLAMENGUISTA SEGUE FLAMENGUISTA🔴

⚫RT ESSE TWEET🔴
⚫SIGA QUEM DER FAV🔴
⚫SIGA QUEM DER RT🔴
⚫SIGA QUEM TE SEGUIR🔴
⚫️ SIGA QU…"
303494985,1554096542004482054,2022-08-01T13:27:43.000Z,1554096542004482054,,0,0,0,43,"RT @naza_master: ⚫FLAMENGUISTA SEGUE FLAMENGUISTA🔴

⚫RT ESSE TWEET🔴
⚫SIGA QUEM DER FAV🔴
⚫SIGA QUEM DER RT🔴
⚫SIGA QUEM TE SEGUIR🔴
⚫️ SIGA QU…"
1402801393572921346,1554614982993666049,2022-08-02T23:47:49.000Z,1554614982993666049,,0,0,0,42,"RT @naza_master: ⚫FLAMENGUISTA SEGUE FLAMENGUISTA🔴

⚫RT ESSE TWEET🔴
⚫SIGA QUEM DER FAV🔴
⚫SIGA QUEM DER RT🔴
⚫SIGA QUEM TE SEGUIR🔴
⚫️ SIGA QU…"
900887442848444417,1554294394760699904,2022-08-02T02:33:55.000Z,1554294394760699904,,0,0,0,37,"RT @naza_master: ⚫FLAMENGUISTA SEGUE FLAMENGUISTA🔴

⚫RT ESSE TWEET🔴
⚫SIGA QUEM DER FAV🔴
⚫SIGA QUEM DER RT🔴
⚫SIGA QUEM TE SEGUIR🔴
⚫️ SIGA QU…"
833196396383715328,1554803001910517760,2022-08-03T12:14:57.000Z,1554803001910517760,,0,0,0,1,"RT @TF_Moraes: 🎙️ Renato Rainha - rádio crack Neto.
🔴⚫ #flamengomalvadao 
#Flamengo 
#GabiGOL https://t.co/Sc46Yh5d7O"
1528782423043063814,1552412163205111808,2022-07-27T21:54:36.000Z,1552412163205111808,,0,0,0,36,"RT @naza_master: ⚫FLAMENGUISTA SEGUE FLAMENGUISTA🔴

⚫RT ESSE TWEET🔴
⚫SIGA QUEM DER FAV🔴
⚫SIGA QUEM DER RT🔴
⚫SIGA QUEM TE SEGUIR🔴
⚫️ SIGA QU…"
3014404985,1554675728062496768,2022-08-03T03:53:52.000Z,1554676903453364224,59591856,2,0,0,0,"@Flamengo 🔥🔴⚫️ WTF BRO!!! ¨%$#%$*&amp; ⚫️🔴🔥
... #Rodinei \"strikes again!\"

#Flamengo #flamengomalvadao https://t.co/xMl37hV9sN"
1076203179480625154,1554658323957534720,2022-08-03T02:40:03.000Z,1554658323957534720,,1,0,0,0,"Que horas o Corinthians X Flamengo vão jogar ?? Até agora só vi o flamengo treinando. 🤔
#FLAxCOR  #timaonaconmeboltv  #flamengomalvadao"
191491531,1554417820754235392,2022-08-02T10:44:22.000Z,1554417820754235392,,0,0,0,30,"RT @ajudesalvardan1: #flamengomalvadao 
E uma luta incansável pessoal ajudem divulguem pois Daniel tem um gasto de 2500.00 por mes sem cont…"
878290420161286144,1554068725665505280,2022-08-01T11:37:12.000Z,1554068725665505280,,0,0,0,43,"RT @naza_master: ⚫FLAMENGUISTA SEGUE FLAMENGUISTA🔴

⚫RT ESSE TWEET🔴
⚫SIGA QUEM DER FAV🔴
⚫SIGA QUEM DER RT🔴
⚫SIGA QUEM TE SEGUIR🔴
⚫️ SIGA QU…"
1057974853,1554659599256526851,2022-08-03T02:45:07.000Z,1554659599256526851,59591856,0,0,0,0,@Flamengo EU TE AMO! ❤️🖤 #Flamengo #flamengomalvadao https://t.co/ufRvCr8sHS
200222723,1553163788697960449,2022-07-29T23:41:18.000Z,1553163788697960449,,0,0,0,44,"RT @naza_master: ⚫FLAMENGUISTA SEGUE FLAMENGUISTA🔴

⚫RT ESSE TWEET🔴
⚫SIGA QUEM DER FAV🔴
⚫SIGA QUEM DER RT🔴
⚫SIGA QUEM TE SEGUIR🔴
⚫️ SIGA QU…"
126010157,1554661450454556673,2022-08-03T02:52:28.000Z,1554661450454556673,,0,0,0,0,#flamengomalvadao https://t.co/eB7ckJgqpU
1484636644884029440,1554654697788694528,2022-08-03T02:25:38.000Z,1554654697788694528,,0,0,0,0,FIMMMMMMMMMMMMMMMMMMMMM DE JOGO NA ARENA CORINTHIANS! O MENGÃO VENCE O CORINTHIANS POR 2 A 0 COM GOLS DE ARRASCAETA E GABIGOL NO JOGO DE IDA DAS QUARTAS DE FINAL DA CONMEBOL LIBERTADORES! SEMANA QUE VEM É NO MARACA! #CRF #VamosFlamengo #flamengomalvadao https://t.co/gJ0r96LAr3
1404599665140588547,1554659033033883653,2022-08-03T02:42:52.000Z,1554659033033883653,,0,0,0,2,RT @BadstuberSamuel: Respeito o Mengão meu freguês 😎♥️🖤 #flamengo #flamengomalvadao https://t.co/72iyli2h9X
1277938200,1554654322616684544,2022-08-03T02:24:09.000Z,1554654322616684544,,0,0,0,0,Giganteeeeeeeeeeeeee #FLAxCOR #flamengomalvadao
1540849609676832768,1553826170029891584,2022-07-31T19:33:22.000Z,1553826170029891584,,0,0,0,43,"RT @naza_master: ⚫FLAMENGUISTA SEGUE FLAMENGUISTA🔴

⚫RT ESSE TWEET🔴
⚫SIGA QUEM DER FAV🔴
⚫SIGA QUEM DER RT🔴
⚫SIGA QUEM TE SEGUIR🔴
⚫️ SIGA QU…"
1361031685,1552673503169728514,2022-07-28T15:13:05.000Z,1552673503169728514,,0,0,0,4,"RT @Adson_S_S: ⚫FLAMENGUISTA SEGUE FLAMENGUISTA🔴

⚫RT ESSE TWEET🔴
⚫SIGA QUEM DER FAV🔴
⚫SIGA QUEM DER RT🔴
⚫SIGA QUEM TE SEGUIR🔴
⚫️ SIGA QUEM…"
86757546,1554269661235236868,2022-08-02T00:55:38.000Z,1554269661235236868,,0,0,0,37,"RT @naza_master: ⚫FLAMENGUISTA SEGUE FLAMENGUISTA🔴

⚫RT ESSE TWEET🔴
⚫SIGA QUEM DER FAV🔴
⚫SIGA QUEM DER RT🔴
⚫SIGA QUEM TE SEGUIR🔴
⚫️ SIGA QU…"
1260254433021177856,1554575257020907520,2022-08-02T21:09:58.000Z,1554575257020907520,,0,0,0,51,"RT @VictorFla_: ⚫FLAMENGUISTA SEGUE FLAMENGUISTA🔴

⚫RT ESSE TWEET🔴
⚫SIGA QUEM DER FAV🔴
⚫SIGA QUEM DER RT🔴
⚫SIGA QUEM TE SEGUIR🔴
⚫️ SIGA QUE…"
125108427,1554673626468827138,2022-08-03T03:40:51.000Z,1554673626468827138,,0,0,0,2,"RT @imperador_fsc: #BoaNoite #Flamengomalvadao  #Flamengo 💤🏴🚩🤫

#colunadofla https://t.co/oZ0EYPe9CY"
1479993480348901377,1553921214728519681,2022-08-01T01:51:02.000Z,1553921214728519681,,1,0,0,0,que final de semana! #mengao #flamengomalvadao https://t.co/pL1vgDUWfB
904454922049126405,1554513422498365443,2022-08-02T17:04:16.000Z,1554513422498365443,,0,0,0,51,"RT @VictorFla_: ⚫FLAMENGUISTA SEGUE FLAMENGUISTA🔴

⚫RT ESSE TWEET🔴
⚫SIGA QUEM DER FAV🔴
⚫SIGA QUEM DER RT🔴
⚫SIGA QUEM TE SEGUIR🔴
⚫️ SIGA QUE…"
1284964436705501184,1554586832939237376,2022-08-02T21:55:58.000Z,1554586832939237376,,0,0,0,42,"RT @naza_master: ⚫FLAMENGUISTA SEGUE FLAMENGUISTA🔴

⚫RT ESSE TWEET🔴
⚫SIGA QUEM DER FAV🔴
⚫SIGA QUEM DER RT🔴
⚫SIGA QUEM TE SEGUIR🔴
⚫️ SIGA QU…"
938952412106289154,1554787821507969024,2022-08-03T11:14:37.000Z,1554787821507969024,,2,0,0,1,Meu Deus como é  bom ver o Corinthians  Jogar kkkkkkkkkkkkkkkkkkkk VAMO MENGÃO  #Libertadores2022 #FlamengoXCorinthians #Flamenguista #flamengomalvadao #mengao https://t.co/fF3UHAJzAi
389379914,1554643841084522497,2022-08-03T01:42:30.000Z,1554643841084522497,,7,0,0,1,"Gabi voltou a marcar

#conmebol #Flamengo #CORxFLA #SBT #flamengomalvadao https://t.co/OqmFLUsf8C"
1543914042217185285,1554656773470126082,2022-08-03T02:33:53.000Z,1554656773470126082,,1,0,0,0,Saiu barato demais esse resultado. É partir pra decisão no Maraca #flamengomalvadao https://t.co/2eHj6VWJLO
1530550618980552705,1552438583092744193,2022-07-27T23:39:35.000Z,1552438583092744193,,0,0,0,36,"RT @naza_master: ⚫FLAMENGUISTA SEGUE FLAMENGUISTA🔴

⚫RT ESSE TWEET🔴
⚫SIGA QUEM DER FAV🔴
⚫SIGA QUEM DER RT🔴
⚫SIGA QUEM TE SEGUIR🔴
⚫️ SIGA QU…"
1524217292799807490,1554781745270165504,2022-08-03T10:50:29.000Z,1554781745270165504,,0,0,0,10,"RT @LuccasRIO: BOA NOITE NR🌟🔴⚫

⚫FLAMENGUISTA SEGUE FLAMENGUISTA🔴

⚫RT ESSE TWEET🔴
⚫SIGA QUEM DER FAV🔴
⚫SIGA QUEM DER RT🔴
⚫SIGA QUEM TE SEG…"
855039415349018625,1553155298055131138,2022-07-29T23:07:33.000Z,1553155298055131138,,24,0,3,4,"⚫FLAMENGUISTA SEGUE FLAMENGUISTA🔴

⚫RT ESSE TWEET🔴
⚫SIGA QUEM DER FAV🔴
⚫SIGA QUEM DER RT🔴
⚫SIGA QUEM TE SEGUIR🔴
⚫️ SIGA QUEM CURTIR SEU COMENTÁRIO 🔴

➡ Vou seguir todos que derem RT/e me seguir.
#RNsegueRN
#flamengomalvadao"
1402378470089441281,1554182828203589634,2022-08-01T19:10:36.000Z,1554182828203589634,,0,0,0,5,"RT @VictorNarrador: Balançoooou!!
A base tá como, #Nação ?!
#COVAAAAARDE 

@Lazarovini10
Abre o caminho pra goleada do #mengao na goleada (…"
1138178353746403331,1554638770124820481,2022-08-03T01:22:21.000Z,1554638770124820481,,1,0,0,0,"A torcida do PCC caladinha hahaha' 🥰🔴⚫️

#Colunadofla 
#VamosFlamengo 
#FLAxCOR 
#flamengomalvadao"
159291121,1554662674193170438,2022-08-03T02:57:20.000Z,1554662674193170438,,4,0,0,2,"#BoaNoite #Flamengomalvadao  #Flamengo 💤🏴🚩🤫

#colunadofla https://t.co/oZ0EYPe9CY"
364700322,1554655522678349824,2022-08-03T02:28:55.000Z,1554655522678349824,,3,0,0,0,"Que orgulho de ser rubro-negro ❤️🖤
#flamengomalvadao"
2770964560,1553577267229597697,2022-07-31T03:04:19.000Z,1553577267229597697,,0,0,0,35,"RT @naza_master: ⚫FLAMENGUISTA SEGUE FLAMENGUISTA🔴

⚫RT ESSE TWEET🔴
⚫SIGA QUEM DER FAV🔴
⚫SIGA QUEM DER RT🔴
⚫SIGA QUEM TE SEGUIR🔴
⚫️ SIGA QU…"
86757546,1552845248434405376,2022-07-29T02:35:32.000Z,1552845248434405376,,0,0,0,41,"RT @naza_master: ⚫FLAMENGUISTA SEGUE FLAMENGUISTA🔴

⚫RT ESSE TWEET🔴
⚫SIGA QUEM DER FAV🔴
⚫SIGA QUEM DER RT🔴
⚫SIGA QUEM TE SEGUIR🔴
⚫️ SIGA QU…"
345152948,1554654573515636737,2022-08-03T02:25:09.000Z,1554654573515636737,,1,0,0,0,"Em céu de gavião, urubu dá rasante ❤️🖤
#flamengomalvadao"
303494985,1554642910800494592,2022-08-03T01:38:48.000Z,1554642910800494592,,0,0,0,51,"RT @VictorFla_: ⚫FLAMENGUISTA SEGUE FLAMENGUISTA🔴

⚫RT ESSE TWEET🔴
⚫SIGA QUEM DER FAV🔴
⚫SIGA QUEM DER RT🔴
⚫SIGA QUEM TE SEGUIR🔴
⚫️ SIGA QUE…"
893089333388902402,1554523135088726018,2022-08-02T17:42:51.000Z,1554523135088726018,,0,0,0,51,"RT @VictorFla_: ⚫FLAMENGUISTA SEGUE FLAMENGUISTA🔴

⚫RT ESSE TWEET🔴
⚫SIGA QUEM DER FAV🔴
⚫SIGA QUEM DER RT🔴
⚫SIGA QUEM TE SEGUIR🔴
⚫️ SIGA QUE…"
1138178353746403331,1553795812613824513,2022-07-31T17:32:44.000Z,1553795812613824513,,5,0,0,0,"Nenhum Flamenguista merece ter menos de 5.000 seguidores!⛔
➡ Bora tropa se seguir!
Sigo de volta! 🔴⚫️
#RNsegueRN
#flamengomalvadao"
284412556,1554520052157882368,2022-08-02T17:30:36.000Z,1554520052157882368,,0,0,0,51,"RT @VictorFla_: ⚫FLAMENGUISTA SEGUE FLAMENGUISTA🔴

⚫RT ESSE TWEET🔴
⚫SIGA QUEM DER FAV🔴
⚫SIGA QUEM DER RT🔴
⚫SIGA QUEM TE SEGUIR🔴
⚫️ SIGA QUE…"
1240637571660726272,1554655492684783617,2022-08-03T02:28:48.000Z,1554655492684783617,,0,0,0,0,"ESSE É O NOSSO @Flamengo PORRA! ❤️‍🔥🖤❤️‍🔥
#FLAxCOR #flamengomalvadao #flanacomeboltv #flamengo"
1553602510799179776,1553605689133654018,2022-07-31T04:57:15.000Z,1553605689133654018,,0,0,0,35,"RT @naza_master: ⚫FLAMENGUISTA SEGUE FLAMENGUISTA🔴

⚫RT ESSE TWEET🔴
⚫SIGA QUEM DER FAV🔴
⚫SIGA QUEM DER RT🔴
⚫SIGA QUEM TE SEGUIR🔴
⚫️ SIGA QU…"
1554651197671440389,1554679361915215878,2022-08-03T04:03:39.000Z,1554679361915215878,,0,0,0,0,"Eu pedi pra Deus um time e ele me deu uma Seleção, sem sompra de dúvidas esse é o melhor time do mundo, amo meu Mengão ❤🖤❤🖤❤🖤@flamengo
#MengaoPeloMundo #flamengomalvadao #CRF https://t.co/GkhUKxpzpZ"
1524217292799807490,1552745440562626560,2022-07-28T19:58:56.000Z,1552745440562626560,,0,0,0,41,"RT @naza_master: ⚫FLAMENGUISTA SEGUE FLAMENGUISTA🔴

⚫RT ESSE TWEET🔴
⚫SIGA QUEM DER FAV🔴
⚫SIGA QUEM DER RT🔴
⚫SIGA QUEM TE SEGUIR🔴
⚫️ SIGA QU…"
2770964560,1553577556867272707,2022-07-31T03:05:28.000Z,1553577556867272707,,0,0,0,22,"RT @flanatico88: ⚫FLAMENGUISTA SEGUE FLAMENGUISTA🔴

⚫RT ESSE TWEET🔴
⚫SIGA QUEM DER FAV🔴
⚫SIGA QUEM DER RT🔴
⚫SIGA QUEM TE SEGUIR🔴
⚫️ SIGA QU…"
1548203707161923584,1552947789411352576,2022-07-29T09:23:00.000Z,1552947789411352576,,0,0,0,41,"RT @naza_master: ⚫FLAMENGUISTA SEGUE FLAMENGUISTA🔴

⚫RT ESSE TWEET🔴
⚫SIGA QUEM DER FAV🔴
⚫SIGA QUEM DER RT🔴
⚫SIGA QUEM TE SEGUIR🔴
⚫️ SIGA QU…"
1126129886777815040,1553163156649873408,2022-07-29T23:38:47.000Z,1553163156649873408,,0,0,0,4,"RT @FlaTTOficial1: ⚫FLAMENGUISTA SEGUE FLAMENGUISTA🔴

⚫RT ESSE TWEET🔴
⚫SIGA QUEM DER FAV🔴
⚫SIGA QUEM DER RT🔴
⚫SIGA QUEM TE SEGUIR🔴
⚫️ SIGA…"
1466136285819678729,1554656720017817602,2022-08-03T02:33:40.000Z,1554656720017817602,,0,0,0,0,"Feliz pelo Corinthians apanhando, triste pelo Flamengo batendo.
#FLAxCOR #timaonaconmeboltv #flamengomalvadao"
1417086337715523589,1554655742057127940,2022-08-03T02:29:47.000Z,1554655742057127940,,0,0,0,0,"Mais conhecido como Arena de laser do #flamengomalvadao 
#linhadepasse https://t.co/Dgs4EDP0Um"
721799491997868032,1554310587726938112,2022-08-02T03:38:16.000Z,1554310587726938112,,0,0,0,5,"RT @VictorNarrador: Balançoooou!!
A base tá como, #Nação ?!
#COVAAAAARDE 

@Lazarovini10
Abre o caminho pra goleada do #mengao na goleada (…"
411113925,1554797878115241986,2022-08-03T11:54:35.000Z,1554797878115241986,,0,0,0,0,"Bom dia! Vamos de cafezinho (sem açúcar).

#CoffeeTime #flamengomalvadao #Bomdia https://t.co/hznqzhUUBG"
1148360236471914497,1553498815159746560,2022-07-30T21:52:34.000Z,1553498815159746560,,0,0,0,35,"RT @naza_master: ⚫FLAMENGUISTA SEGUE FLAMENGUISTA🔴

⚫RT ESSE TWEET🔴
⚫SIGA QUEM DER FAV🔴
⚫SIGA QUEM DER RT🔴
⚫SIGA QUEM TE SEGUIR🔴
⚫️ SIGA QU…"
991805132,1552730261611216896,2022-07-28T18:58:37.000Z,1552730261611216896,,0,0,0,41,"RT @naza_master: ⚫FLAMENGUISTA SEGUE FLAMENGUISTA🔴

⚫RT ESSE TWEET🔴
⚫SIGA QUEM DER FAV🔴
⚫SIGA QUEM DER RT🔴
⚫SIGA QUEM TE SEGUIR🔴
⚫️ SIGA QU…"
893089333388902402,1554554018839625730,2022-08-02T19:45:34.000Z,1554554018839625730,,0,0,0,42,"RT @naza_master: ⚫FLAMENGUISTA SEGUE FLAMENGUISTA🔴

⚫RT ESSE TWEET🔴
⚫SIGA QUEM DER FAV🔴
⚫SIGA QUEM DER RT🔴
⚫SIGA QUEM TE SEGUIR🔴
⚫️ SIGA QU…"
1138178353746403331,1553792953897959424,2022-07-31T17:21:22.000Z,1553792953897959424,,11,0,0,0,"🖤❤️FLAMENGUISTA SEGUE FLAMENGUISTA❤️🖤

⛔Nenhum Flamenguista merece ter menos de 5.000 seguidores!⛔

🚨 RT para espalhar! 🚨
➡ Vou seguir todos que derem RT/e me seguir.
#RNsegueRN
#flamengomalvadao https://t.co/Vcv4iW3MXN"
4927548545,1552972480071049216,2022-07-29T11:01:06.000Z,1552972480071049216,,0,0,0,41,"RT @naza_master: ⚫FLAMENGUISTA SEGUE FLAMENGUISTA🔴

⚫RT ESSE TWEET🔴
⚫SIGA QUEM DER FAV🔴
⚫SIGA QUEM DER RT🔴
⚫SIGA QUEM TE SEGUIR🔴
⚫️ SIGA QU…"
904454922049126405,1553454550337703936,2022-07-30T18:56:41.000Z,1553454550337703936,,0,0,0,35,"RT @naza_master: ⚫FLAMENGUISTA SEGUE FLAMENGUISTA🔴

⚫RT ESSE TWEET🔴
⚫SIGA QUEM DER FAV🔴
⚫SIGA QUEM DER RT🔴
⚫SIGA QUEM TE SEGUIR🔴
⚫️ SIGA QU…"
1205800465511964674,1554542129522802688,2022-08-02T18:58:20.000Z,1554542129522802688,,0,0,0,42,"RT @naza_master: ⚫FLAMENGUISTA SEGUE FLAMENGUISTA🔴

⚫RT ESSE TWEET🔴
⚫SIGA QUEM DER FAV🔴
⚫SIGA QUEM DER RT🔴
⚫SIGA QUEM TE SEGUIR🔴
⚫️ SIGA QU…"
1554110025538437121,1554141138344452096,2022-08-01T16:24:56.000Z,1554141138344452096,,0,0,0,43,"RT @naza_master: ⚫FLAMENGUISTA SEGUE FLAMENGUISTA🔴

⚫RT ESSE TWEET🔴
⚫SIGA QUEM DER FAV🔴
⚫SIGA QUEM DER RT🔴
⚫SIGA QUEM TE SEGUIR🔴
⚫️ SIGA QU…"
3332013587,1554116378113744901,2022-08-01T14:46:33.000Z,1554116378113744901,,0,0,0,43,"RT @naza_master: ⚫FLAMENGUISTA SEGUE FLAMENGUISTA🔴

⚫RT ESSE TWEET🔴
⚫SIGA QUEM DER FAV🔴
⚫SIGA QUEM DER RT🔴
⚫SIGA QUEM TE SEGUIR🔴
⚫️ SIGA QU…"
1286134285079130116,1553817508506894336,2022-07-31T18:58:57.000Z,1553817508506894336,,0,0,0,43,"RT @naza_master: ⚫FLAMENGUISTA SEGUE FLAMENGUISTA🔴

⚫RT ESSE TWEET🔴
⚫SIGA QUEM DER FAV🔴
⚫SIGA QUEM DER RT🔴
⚫SIGA QUEM TE SEGUIR🔴
⚫️ SIGA QU…"
2495545680,1554666010816413696,2022-08-03T03:10:35.000Z,1554666010816413696,,0,0,0,0,"Hj é dia de dormir tranquilo ,com essa vitória do  #flamengomalvadao ."
1138178353746403331,1554639913492283392,2022-08-03T01:26:53.000Z,1554639913492283392,,1,0,0,0,"Contrato vitalício JÁ para o Arrascaeta... é pedir muito?? 🥰🔴⚫️

#Colunadofla 
#VamosFlamengo 
#FLAxCOR 
#flamengomalvadao"
1167049759535841280,1554662612784275456,2022-08-03T02:57:05.000Z,1554662612784275456,,0,0,0,0,Flamengo poderia ter matado esse jogo treino hoje ! #colunadofla #LibertadoresNoSBT #flamengomalvadao
1520674692008497153,1554801142613385219,2022-08-03T12:07:33.000Z,1554801142613385219,,0,0,0,1,RT @velho_banzo: Meu Deus como é  bom ver o Corinthians  Jogar kkkkkkkkkkkkkkkkkkkk VAMO MENGÃO  #Libertadores2022 #FlamengoXCorinthians #F…
1441402515044581376,1553138376852885505,2022-07-29T22:00:19.000Z,1553138376852885505,,0,0,0,44,"RT @naza_master: ⚫FLAMENGUISTA SEGUE FLAMENGUISTA🔴

⚫RT ESSE TWEET🔴
⚫SIGA QUEM DER FAV🔴
⚫SIGA QUEM DER RT🔴
⚫SIGA QUEM TE SEGUIR🔴
⚫️ SIGA QU…"
185811004,1554190465796292608,2022-08-01T19:40:57.000Z,1554190465796292608,,0,0,0,37,"RT @naza_master: ⚫FLAMENGUISTA SEGUE FLAMENGUISTA🔴

⚫RT ESSE TWEET🔴
⚫SIGA QUEM DER FAV🔴
⚫SIGA QUEM DER RT🔴
⚫SIGA QUEM TE SEGUIR🔴
⚫️ SIGA QU…"
1286134285079130116,1553500860352700417,2022-07-30T22:00:42.000Z,1553500860352700417,,0,0,0,35,"RT @naza_master: ⚫FLAMENGUISTA SEGUE FLAMENGUISTA🔴

⚫RT ESSE TWEET🔴
⚫SIGA QUEM DER FAV🔴
⚫SIGA QUEM DER RT🔴
⚫SIGA QUEM TE SEGUIR🔴
⚫️ SIGA QU…"
1387505511130701826,1554624572569358336,2022-08-03T00:25:56.000Z,1554624572569358336,,0,0,0,0,"Me desculpa Haridade @oficialharielmc 
Mas hoje vai dar mengudo #flamengomalvadao #mengao"
1538332085659762693,1554425172525973506,2022-08-02T11:13:35.000Z,1554425172525973506,,0,0,0,30,"RT @ajudesalvardan1: #flamengomalvadao 
E uma luta incansável pessoal ajudem divulguem pois Daniel tem um gasto de 2500.00 por mes sem cont…"
998224312162234368,1554662461260922880,2022-08-03T02:56:29.000Z,1554662461260922880,,0,0,0,0,"Hoje o #flamengomalvadao deu aula..

Iludidos maravilhosoos @Reikrauss https://t.co/vHBPq3RUf5"
1539260569827659779,1553817049683599363,2022-07-31T18:57:07.000Z,1553817049683599363,,0,0,0,43,"RT @naza_master: ⚫FLAMENGUISTA SEGUE FLAMENGUISTA🔴

⚫RT ESSE TWEET🔴
⚫SIGA QUEM DER FAV🔴
⚫SIGA QUEM DER RT🔴
⚫SIGA QUEM TE SEGUIR🔴
⚫️ SIGA QU…"
1116909533996122112,1554651220597477378,2022-08-03T02:11:49.000Z,1554651220597477378,,4,0,0,0,"Procura-se a torcida e o time do Corinthians kkkkk dominados completamente 🖤❤️
#CORxFLA 
#LibertadoresNoSBT 
#flamengomalvadao 
#Flamengo"
46107144,1554655170960711681,2022-08-03T02:27:31.000Z,1554655170960711681,,1,0,0,0,Venham sofrer um pouco mais na terça que vem aqui no Maraca!!! #LibertadoresNoSBT #flamengomalvadao 😌👍🏼
1255334447341359106,1552438505292574720,2022-07-27T23:39:17.000Z,1552438505292574720,,0,0,0,36,"RT @naza_master: ⚫FLAMENGUISTA SEGUE FLAMENGUISTA🔴

⚫RT ESSE TWEET🔴
⚫SIGA QUEM DER FAV🔴
⚫SIGA QUEM DER RT🔴
⚫SIGA QUEM TE SEGUIR🔴
⚫️ SIGA QU…"
1361031685,1553483346352775168,2022-07-30T20:51:06.000Z,1553483346352775168,,0,0,0,35,"RT @naza_master: ⚫FLAMENGUISTA SEGUE FLAMENGUISTA🔴

⚫RT ESSE TWEET🔴
⚫SIGA QUEM DER FAV🔴
⚫SIGA QUEM DER RT🔴
⚫SIGA QUEM TE SEGUIR🔴
⚫️ SIGA QU…"
1429988778836365314,1554657059924332544,2022-08-03T02:35:01.000Z,1554657059924332544,,0,0,0,0,QUEM ESCOLHEU O TIME ERRADO NAO FUI EU AUUUUU #flamengomalvadao https://t.co/AKHCztfhRd
1547275772733411329,1554655092963426305,2022-08-03T02:27:12.000Z,1554655092963426305,,2,0,0,0,dormi feliz com mais uma vitória❤️🖤 #flamengomalvadao #naçãorubronegra
711356753435299840,1553582721997455360,2022-07-31T03:25:59.000Z,1553582721997455360,,0,0,0,35,"RT @naza_master: ⚫FLAMENGUISTA SEGUE FLAMENGUISTA🔴

⚫RT ESSE TWEET🔴
⚫SIGA QUEM DER FAV🔴
⚫SIGA QUEM DER RT🔴
⚫SIGA QUEM TE SEGUIR🔴
⚫️ SIGA QU…"
1529289559510601731,1553828234822930432,2022-07-31T19:41:34.000Z,1553828234822930432,,0,0,0,43,"RT @naza_master: ⚫FLAMENGUISTA SEGUE FLAMENGUISTA🔴

⚫RT ESSE TWEET🔴
⚫SIGA QUEM DER FAV🔴
⚫SIGA QUEM DER RT🔴
⚫SIGA QUEM TE SEGUIR🔴
⚫️ SIGA QU…"
1468734627431034885,1554654633691316224,2022-08-03T03:14:32.000Z,1554667004208074752,2312893513,0,0,0,0,@Flamengo_es #flamengomalvadao
777928836465979392,1554624704404766721,2022-08-03T00:26:27.000Z,1554624704404766721,,0,0,0,51,"RT @VictorFla_: ⚫FLAMENGUISTA SEGUE FLAMENGUISTA🔴

⚫RT ESSE TWEET🔴
⚫SIGA QUEM DER FAV🔴
⚫SIGA QUEM DER RT🔴
⚫SIGA QUEM TE SEGUIR🔴
⚫️ SIGA QUE…"
1025441486429712384,1553373835772268546,2022-07-30T13:35:57.000Z,1553373835772268546,,0,0,0,44,"RT @naza_master: ⚫FLAMENGUISTA SEGUE FLAMENGUISTA🔴

⚫RT ESSE TWEET🔴
⚫SIGA QUEM DER FAV🔴
⚫SIGA QUEM DER RT🔴
⚫SIGA QUEM TE SEGUIR🔴
⚫️ SIGA QU…"
1260254433021177856,1554580023486697478,2022-08-02T21:28:54.000Z,1554580023486697478,,0,0,0,42,"RT @naza_master: ⚫FLAMENGUISTA SEGUE FLAMENGUISTA🔴

⚫RT ESSE TWEET🔴
⚫SIGA QUEM DER FAV🔴
⚫SIGA QUEM DER RT🔴
⚫SIGA QUEM TE SEGUIR🔴
⚫️ SIGA QU…"
1519780015881261057,1554663935126736896,2022-08-03T03:02:21.000Z,1554663935126736896,,0,0,0,0,"Eu nunca vi o sapo voar tanto, que nem eu estou vendo o time do Flamengo. É nítido o que o Dorival anda causando DOR em cada RIVAL. VAMOOOOOOOS!

#flamengomalvadao"
1534536213083869184,1552871540550762501,2022-07-29T04:20:00.000Z,1552871540550762501,,0,0,0,41,"RT @naza_master: ⚫FLAMENGUISTA SEGUE FLAMENGUISTA🔴

⚫RT ESSE TWEET🔴
⚫SIGA QUEM DER FAV🔴
⚫SIGA QUEM DER RT🔴
⚫SIGA QUEM TE SEGUIR🔴
⚫️ SIGA QU…"
1286134285079130116,1554189682401054721,2022-08-01T19:37:50.000Z,1554189682401054721,,0,0,0,37,"RT @naza_master: ⚫FLAMENGUISTA SEGUE FLAMENGUISTA🔴

⚫RT ESSE TWEET🔴
⚫SIGA QUEM DER FAV🔴
⚫SIGA QUEM DER RT🔴
⚫SIGA QUEM TE SEGUIR🔴
⚫️ SIGA QU…"
990120557583749121,1554203380066799620,2022-08-01T20:32:16.000Z,1554203380066799620,,0,0,0,37,"RT @naza_master: ⚫FLAMENGUISTA SEGUE FLAMENGUISTA🔴

⚫RT ESSE TWEET🔴
⚫SIGA QUEM DER FAV🔴
⚫SIGA QUEM DER RT🔴
⚫SIGA QUEM TE SEGUIR🔴
⚫️ SIGA QU…"
1485389819517837322,1554626601371025408,2022-08-03T00:33:59.000Z,1554626601371025408,,1,0,0,0,"desde menorzinho mengão, desde sempre!!! #flamengomalvadao https://t.co/9HLIcdS64z"
2626436004,1553687107616575489,2022-07-31T10:20:47.000Z,1553687107616575489,,0,0,0,35,"RT @naza_master: ⚫FLAMENGUISTA SEGUE FLAMENGUISTA🔴

⚫RT ESSE TWEET🔴
⚫SIGA QUEM DER FAV🔴
⚫SIGA QUEM DER RT🔴
⚫SIGA QUEM TE SEGUIR🔴
⚫️ SIGA QU…"
1138178353746403331,1554642398403346435,2022-08-03T01:36:46.000Z,1554642398403346435,,1,0,0,0,"Se tiver um jogo entre Corinthians x Palmeiras. Flamenguistas, vcs torceriam pra quem? 🤔

#colunadofla 
#VamosFlamengo 
#flamengomalvadao"
200222723,1553570173344518145,2022-07-31T02:36:07.000Z,1553570173344518145,,0,0,0,35,"RT @naza_master: ⚫FLAMENGUISTA SEGUE FLAMENGUISTA🔴

⚫RT ESSE TWEET🔴
⚫SIGA QUEM DER FAV🔴
⚫SIGA QUEM DER RT🔴
⚫SIGA QUEM TE SEGUIR🔴
⚫️ SIGA QU…"
1441402515044581376,1553845623736225797,2022-07-31T20:50:40.000Z,1553845623736225797,,0,0,0,43,"RT @naza_master: ⚫FLAMENGUISTA SEGUE FLAMENGUISTA🔴

⚫RT ESSE TWEET🔴
⚫SIGA QUEM DER FAV🔴
⚫SIGA QUEM DER RT🔴
⚫SIGA QUEM TE SEGUIR🔴
⚫️ SIGA QU…"
1148360236471914497,1552778461336539138,2022-07-28T22:10:09.000Z,1552778461336539138,,0,0,0,41,"RT @naza_master: ⚫FLAMENGUISTA SEGUE FLAMENGUISTA🔴

⚫RT ESSE TWEET🔴
⚫SIGA QUEM DER FAV🔴
⚫SIGA QUEM DER RT🔴
⚫SIGA QUEM TE SEGUIR🔴
⚫️ SIGA QU…"
22962967,1554656180085063681,2022-08-03T02:31:32.000Z,1554656180085063681,,0,0,0,0,#linhadepasse Não era essa a torcida que diziam que apoiava o time o tempo todo? 🤔 #LibertadoresNoSBT #FLAxCOR #mengo #Flamengo #flamengomalvadao
991805132,1552972767200509952,2022-07-29T11:02:15.000Z,1552972767200509952,,0,0,0,17,"RT @flanatico88: ⚫FLAMENGUISTA SEGUE FLAMENGUISTA🔴

⚫RT ESSE TWEET🔴
⚫SIGA QUEM DER FAV🔴
⚫SIGA QUEM DER RT🔴
⚫SIGA QUEM TE SEGUIR🔴
⚫️ SIGA QU…"
323185089,1554170349364838400,2022-08-01T18:21:01.000Z,1554170349364838400,,0,0,0,43,"RT @naza_master: ⚫FLAMENGUISTA SEGUE FLAMENGUISTA🔴

⚫RT ESSE TWEET🔴
⚫SIGA QUEM DER FAV🔴
⚫SIGA QUEM DER RT🔴
⚫SIGA QUEM TE SEGUIR🔴
⚫️ SIGA QU…"
968171000209772545,1554655440604102657,2022-08-03T02:28:35.000Z,1554655440604102657,,0,0,0,0,"Qualquer treinador de pulso firme faz esse time da show.
Parabéns Dorival Junior, confesso que pensei que vc seria um Rogério Ceni 2.0 mais vc ta superando total.
#colunadofla #FLAxCOR #flamengomalvadao"
1418526495664967682,1554305897609969666,2022-08-02T03:19:38.000Z,1554305897609969666,,0,0,0,35,"RT @naza_master: ⚫FLAMENGUISTA SEGUE FLAMENGUISTA🔴

⚫RT ESSE TWEET🔴
⚫SIGA QUEM DER FAV🔴
⚫SIGA QUEM DER RT🔴
⚫SIGA QUEM TE SEGUIR🔴
⚫️ SIGA QU…"
364467247,1554698287457996801,2022-08-03T05:18:51.000Z,1554698287457996801,,0,0,0,51,"RT @VictorFla_: ⚫FLAMENGUISTA SEGUE FLAMENGUISTA🔴

⚫RT ESSE TWEET🔴
⚫SIGA QUEM DER FAV🔴
⚫SIGA QUEM DER RT🔴
⚫SIGA QUEM TE SEGUIR🔴
⚫️ SIGA QUE…"
1324744185690398721,1553857366139064320,2022-07-31T21:37:20.000Z,1553857366139064320,,0,0,0,43,"RT @naza_master: ⚫FLAMENGUISTA SEGUE FLAMENGUISTA🔴

⚫RT ESSE TWEET🔴
⚫SIGA QUEM DER FAV🔴
⚫SIGA QUEM DER RT🔴
⚫SIGA QUEM TE SEGUIR🔴
⚫️ SIGA QU…"
1552454589810720768,1552469184742842368,2022-07-28T01:41:11.000Z,1552469184742842368,,0,0,0,36,"RT @naza_master: ⚫FLAMENGUISTA SEGUE FLAMENGUISTA🔴

⚫RT ESSE TWEET🔴
⚫SIGA QUEM DER FAV🔴
⚫SIGA QUEM DER RT🔴
⚫SIGA QUEM TE SEGUIR🔴
⚫️ SIGA QU…"
706262094522531841,1554655044544389120,2022-08-03T02:27:01.000Z,1554655044544389120,,0,0,0,0,"Que jogão hoje heim meu mengão. 
#FLAxCOR #mengao #flamengomalvadao"
3333546886,1554673983798353921,2022-08-03T03:42:16.000Z,1554673983798353921,,0,0,0,51,"RT @VictorFla_: ⚫FLAMENGUISTA SEGUE FLAMENGUISTA🔴

⚫RT ESSE TWEET🔴
⚫SIGA QUEM DER FAV🔴
⚫SIGA QUEM DER RT🔴
⚫SIGA QUEM TE SEGUIR🔴
⚫️ SIGA QUE…"
1540827660120719362,1554761874641764352,2022-08-03T09:31:31.000Z,1554761874641764352,,3,0,1,0,"Excelente vitória, excelente atuação da equipe, enfim... O time foi excelente ontem! Mas ainda não acabou o jogo. Nada foi decidido ainda, faltam outros 90 minutos que será disputado no Rio De Janeiro. 

#CORxFLA #colunadofla #FLAxCOR #flamengomalvadao #Flamengo"
1215337575885475840,1554658573535379456,2022-08-03T02:41:02.000Z,1554658573535379456,,0,0,0,0,"Eu Amo meu Mengooo
#FLAxCOR #flamengomalvadao #CRF #mengo https://t.co/vyprr7PmVG"
1525186946779295745,1553579114669506561,2022-07-31T03:11:39.000Z,1553579114669506561,,0,0,0,22,"RT @flanatico88: ⚫FLAMENGUISTA SEGUE FLAMENGUISTA🔴

⚫RT ESSE TWEET🔴
⚫SIGA QUEM DER FAV🔴
⚫SIGA QUEM DER RT🔴
⚫SIGA QUEM TE SEGUIR🔴
⚫️ SIGA QU…"
1520221565346009093,1553927002733924362,2022-08-01T02:14:02.000Z,1553927002733924362,,0,0,0,0,Uma grande noite para todos que estão cientes que somos iguais! @Flamengo @marcosbrazrio @Brunohenrique @geglobo @marinhofc31 #flamengomalvadao #Flamengo #sbtrio @opilhado https://t.co/Wvb0V0Eodn
1286134285079130116,1554541990150291457,2022-08-02T18:57:47.000Z,1554541990150291457,,0,0,0,42,"RT @naza_master: ⚫FLAMENGUISTA SEGUE FLAMENGUISTA🔴

⚫RT ESSE TWEET🔴
⚫SIGA QUEM DER FAV🔴
⚫SIGA QUEM DER RT🔴
⚫SIGA QUEM TE SEGUIR🔴
⚫️ SIGA QU…"
1540849609676832768,1554500455052492807,2022-08-02T16:12:44.000Z,1554500455052492807,,0,0,0,51,"RT @VictorFla_: ⚫FLAMENGUISTA SEGUE FLAMENGUISTA🔴

⚫RT ESSE TWEET🔴
⚫SIGA QUEM DER FAV🔴
⚫SIGA QUEM DER RT🔴
⚫SIGA QUEM TE SEGUIR🔴
⚫️ SIGA QUE…"
211215631,1554658205812375552,2022-08-03T02:39:35.000Z,1554658205812375552,,3,0,0,1,"🔴  ESCUDO DA SORTE  ⚫

                🌟
  ⭐⭐⭐⭐⭐⭐ ⭐ 
⚪⚪⚪⚪⚫⚫⚫⚫
⚪⚪⚪⚪🔴🔴🔴🔴
⚪⚪⚪⚪⚫⚫⚫⚫
⚪⚪⚪⚪🔴🔴🔴🔴
   ⚫⚫⚫⚫⚫⚫⚫
     🔴🔴🔴🔴🔴🔴
           ⚫⚫⚫⚫
                  🔴

#FLAxCOR #CORXFLA
#flamengomalvadao #Flamengo  #Libertadores2022 https://t.co/lpJmCxUz0c"
83958038,1554568275828375559,2022-08-02T20:42:14.000Z,1554568275828375559,,5,0,0,0,"⚫FLAMENGUISTA SEGUE FLAMENGUISTA🔴

⚫RT ESSE TWEET🔴
⚫SIGA QUEM DER FAV🔴
⚫SIGA QUEM DER RT🔴
⚫SIGA QUEM TE SEGUIR🔴
⚫️ SIGA QUEM CURTIR SEU COMENTÁRIO 🔴

➡ Vou seguir todos que derem RT/e me seguir.
#RNsegueRN
#flamengomalvadao #Flamengo 
#LibertadoresNoSBT https://t.co/M0U9xreVX5"
976836746162864129,1554664576188387330,2022-08-03T03:04:53.000Z,1554664576188387330,,0,0,0,30,"RT @ajudesalvardan1: #flamengomalvadao 
E uma luta incansável pessoal ajudem divulguem pois Daniel tem um gasto de 2500.00 por mes sem cont…"
904454922049126405,1554690108665876480,2022-08-03T04:46:21.000Z,1554690108665876480,,0,0,0,1,"RT @diego2TMengao: ⚫FLAMENGUISTA SEGUE FLAMENGUISTA🔴

⚫RT ESSE TWEET🔴
⚫SIGA QUEM DER FAV🔴
⚫SIGA QUEM DER RT🔴
⚫SIGA QUEM TE SEGUIR🔴
⚫️ SIGA…"
1519661085456052224,1553115714206289920,2022-07-29T20:30:16.000Z,1553115714206289920,,0,0,0,44,"RT @naza_master: ⚫FLAMENGUISTA SEGUE FLAMENGUISTA🔴

⚫RT ESSE TWEET🔴
⚫SIGA QUEM DER FAV🔴
⚫SIGA QUEM DER RT🔴
⚫SIGA QUEM TE SEGUIR🔴
⚫️ SIGA QU…"
1476946225240981505,1554655957124259841,2022-08-03T02:30:38.000Z,1554655957124259841,,1,0,0,0,"Termina o jogo em São Paulo, com 4 mil vozes ecoando atrás do gol ao lado direito da imagem na tv. Flamengo faz 2x0 na casa do adversário, deixando bem encaminhada a classificação para as semifinais da #Libertadores.  
#FLAxCOR #RNsegueRN #CRF #AntonioMoraesNews #flamengomalvadao"
792555646017208320,1554513191723483136,2022-08-02T17:03:21.000Z,1554513191723483136,,0,0,0,51,"RT @VictorFla_: ⚫FLAMENGUISTA SEGUE FLAMENGUISTA🔴

⚫RT ESSE TWEET🔴
⚫SIGA QUEM DER FAV🔴
⚫SIGA QUEM DER RT🔴
⚫SIGA QUEM TE SEGUIR🔴
⚫️ SIGA QUE…"
1072850889713557504,1554279829117325312,2022-08-02T01:36:03.000Z,1554279829117325312,,0,0,0,37,"RT @naza_master: ⚫FLAMENGUISTA SEGUE FLAMENGUISTA🔴

⚫RT ESSE TWEET🔴
⚫SIGA QUEM DER FAV🔴
⚫SIGA QUEM DER RT🔴
⚫SIGA QUEM TE SEGUIR🔴
⚫️ SIGA QU…"
897864329453764608,1553542413725188097,2022-07-31T00:45:49.000Z,1553542413725188097,,0,0,0,4,"RT @FlaTTOficial1: ⚫FLAMENGUISTA SEGUE FLAMENGUISTA🔴

⚫RT ESSE TWEET🔴
⚫SIGA QUEM DER FAV🔴
⚫SIGA QUEM DER RT🔴
⚫SIGA QUEM TE SEGUIR🔴
⚫️ SIGA…"
1304069876978507776,1554656443827093506,2022-08-03T02:32:34.000Z,1554656443827093506,,2,0,0,0,"Que elenco, meus amigos. 
#flamengomalvadao https://t.co/pkS7nzaQpp"
1324744185690398721,1553576879340265478,2022-07-31T03:02:46.000Z,1553576879340265478,,0,0,0,35,"RT @naza_master: ⚫FLAMENGUISTA SEGUE FLAMENGUISTA🔴

⚫RT ESSE TWEET🔴
⚫SIGA QUEM DER FAV🔴
⚫SIGA QUEM DER RT🔴
⚫SIGA QUEM TE SEGUIR🔴
⚫️ SIGA QU…"
33570341,1553900961256689666,2022-08-01T00:30:33.000Z,1553900961256689666,,6,0,0,1,"⚫FLAMENGUISTA SEGUE FLAMENGUISTA🔴

⚫RT ESSE TWEET🔴
⚫SIGA QUEM DER FAV🔴
⚫SIGA QUEM DER RT🔴
⚫SIGA QUEM TE SEGUIR🔴
⚫️ SIGA QUEM CURTIR SEU COMENTÁRIO 🔴

➡ Vou seguir todos que derem RT/e me seguir.
#RNsegueRN
#flamengomalvadao"
1552330651852050432,1554624636758941698,2022-08-03T00:26:11.000Z,1554624636758941698,,0,0,0,0,#flamengomalvadao #jogo #Flamengo https://t.co/pEy20NQR1v
1452250183643930630,1552674431075581955,2022-07-28T15:16:46.000Z,1552674431075581955,,0,0,0,36,"RT @naza_master: ⚫FLAMENGUISTA SEGUE FLAMENGUISTA🔴

⚫RT ESSE TWEET🔴
⚫SIGA QUEM DER FAV🔴
⚫SIGA QUEM DER RT🔴
⚫SIGA QUEM TE SEGUIR🔴
⚫️ SIGA QU…"
1539260569827659779,1553540617044639744,2022-07-31T00:38:41.000Z,1553540617044639744,,6,0,0,1,"⚫FLAMENGUISTA SEGUE FLAMENGUISTA🔴

⚫RT ESSE TWEET🔴
⚫SIGA QUEM DER FAV🔴
⚫SIGA QUEM DER RT🔴
⚫SIGA QUEM TE SEGUIR🔴
⚫️ SIGA QUEM CURTIR SEU COMENTÁRIO 🔴

➡ Vou seguir todos que derem RT/e me seguir.
#RNsegueRN
#flamengomalvadao https://t.co/dkOLCykq1A"
105193728,1554654412790026244,2022-08-03T02:24:30.000Z,1554654412790026244,,0,0,0,0,"VAMOOOOOOSSSSSSSS
FLAMENGOOOOOOOOOOOO!
#flamengomalvadao 
#Flamengo"
1451708850537648131,1552837503320743936,2022-07-29T02:04:45.000Z,1552837503320743936,,0,0,0,4,"RT @Adson_S_S: ⚫FLAMENGUISTA SEGUE FLAMENGUISTA🔴

⚫RT ESSE TWEET🔴
⚫SIGA QUEM DER FAV🔴
⚫SIGA QUEM DER RT🔴
⚫SIGA QUEM TE SEGUIR🔴
⚫️ SIGA QUEM…"
855039415349018625,1553542310641762306,2022-07-31T00:45:24.000Z,1553542310641762306,,0,0,0,4,"RT @FlaTTOficial1: ⚫FLAMENGUISTA SEGUE FLAMENGUISTA🔴

⚫RT ESSE TWEET🔴
⚫SIGA QUEM DER FAV🔴
⚫SIGA QUEM DER RT🔴
⚫SIGA QUEM TE SEGUIR🔴
⚫️ SIGA…"
321033456,1552380417914949632,2022-07-27T19:48:28.000Z,1552380417914949632,,0,0,0,36,"RT @naza_master: ⚫FLAMENGUISTA SEGUE FLAMENGUISTA🔴

⚫RT ESSE TWEET🔴
⚫SIGA QUEM DER FAV🔴
⚫SIGA QUEM DER RT🔴
⚫SIGA QUEM TE SEGUIR🔴
⚫️ SIGA QU…"
1539260569827659779,1553105914198114305,2022-07-29T19:51:19.000Z,1553105914198114305,,0,0,0,44,"RT @naza_master: ⚫FLAMENGUISTA SEGUE FLAMENGUISTA🔴

⚫RT ESSE TWEET🔴
⚫SIGA QUEM DER FAV🔴
⚫SIGA QUEM DER RT🔴
⚫SIGA QUEM TE SEGUIR🔴
⚫️ SIGA QU…"
789465837539393538,1554245365263654915,2022-08-01T23:19:06.000Z,1554245365263654915,,0,0,0,37,"RT @naza_master: ⚫FLAMENGUISTA SEGUE FLAMENGUISTA🔴

⚫RT ESSE TWEET🔴
⚫SIGA QUEM DER FAV🔴
⚫SIGA QUEM DER RT🔴
⚫SIGA QUEM TE SEGUIR🔴
⚫️ SIGA QU…"
724780198479183872,1553949922831081472,2022-08-01T03:45:07.000Z,1553949922831081472,,0,0,0,43,"RT @naza_master: ⚫FLAMENGUISTA SEGUE FLAMENGUISTA🔴

⚫RT ESSE TWEET🔴
⚫SIGA QUEM DER FAV🔴
⚫SIGA QUEM DER RT🔴
⚫SIGA QUEM TE SEGUIR🔴
⚫️ SIGA QU…"
1426835768,1554555487735234566,2022-08-02T19:51:25.000Z,1554555487735234566,,0,0,0,42,"RT @naza_master: ⚫FLAMENGUISTA SEGUE FLAMENGUISTA🔴

⚫RT ESSE TWEET🔴
⚫SIGA QUEM DER FAV🔴
⚫SIGA QUEM DER RT🔴
⚫SIGA QUEM TE SEGUIR🔴
⚫️ SIGA QU…"
1310536898352381952,1553844497943085056,2022-07-31T20:46:12.000Z,1553844497943085056,,0,0,0,43,"RT @naza_master: ⚫FLAMENGUISTA SEGUE FLAMENGUISTA🔴

⚫RT ESSE TWEET🔴
⚫SIGA QUEM DER FAV🔴
⚫SIGA QUEM DER RT🔴
⚫SIGA QUEM TE SEGUIR🔴
⚫️ SIGA QU…"
1387560553804087297,1554520294517243904,2022-08-02T17:31:34.000Z,1554520294517243904,,0,0,0,10,"RT @LuccasRIO: BOA NOITE NR🌟🔴⚫

⚫FLAMENGUISTA SEGUE FLAMENGUISTA🔴

⚫RT ESSE TWEET🔴
⚫SIGA QUEM DER FAV🔴
⚫SIGA QUEM DER RT🔴
⚫SIGA QUEM TE SEG…"
967685653398982656,1554190848790765568,2022-08-01T19:42:28.000Z,1554190848790765568,,0,0,0,37,"RT @naza_master: ⚫FLAMENGUISTA SEGUE FLAMENGUISTA🔴

⚫RT ESSE TWEET🔴
⚫SIGA QUEM DER FAV🔴
⚫SIGA QUEM DER RT🔴
⚫SIGA QUEM TE SEGUIR🔴
⚫️ SIGA QU…"
1553651864020942848,1554128323172868097,2022-08-01T15:34:01.000Z,1554128323172868097,,0,0,0,43,"RT @naza_master: ⚫FLAMENGUISTA SEGUE FLAMENGUISTA🔴

⚫RT ESSE TWEET🔴
⚫SIGA QUEM DER FAV🔴
⚫SIGA QUEM DER RT🔴
⚫SIGA QUEM TE SEGUIR🔴
⚫️ SIGA QU…"
724780198479183872,1554575216034152449,2022-08-02T21:09:48.000Z,1554575216034152449,,0,0,0,51,"RT @VictorFla_: ⚫FLAMENGUISTA SEGUE FLAMENGUISTA🔴

⚫RT ESSE TWEET🔴
⚫SIGA QUEM DER FAV🔴
⚫SIGA QUEM DER RT🔴
⚫SIGA QUEM TE SEGUIR🔴
⚫️ SIGA QUE…"
1525186946779295745,1553458919024070656,2022-07-30T19:14:02.000Z,1553458919024070656,,0,0,0,35,"RT @naza_master: ⚫FLAMENGUISTA SEGUE FLAMENGUISTA🔴

⚫RT ESSE TWEET🔴
⚫SIGA QUEM DER FAV🔴
⚫SIGA QUEM DER RT🔴
⚫SIGA QUEM TE SEGUIR🔴
⚫️ SIGA QU…"
1010175927597355008,1554655494052220934,2022-08-03T02:28:48.000Z,1554655494052220934,,0,0,0,0,"Alô @10neto kkkkk...
Continuar falando mais... kkkk
#flamengomalvadao"
1553353612738412545,1554809022267670530,2022-08-03T12:38:52.000Z,1554809022267670530,,1,0,0,0,Cadê os flamenguista? @Flamengo #Flamenguista #flamengomalvadao
1192947968674082816,1554657037073661952,2022-08-03T02:34:56.000Z,1554657037073661952,,0,0,0,0,"Padrão Globolixo. 

Mas... 

#flamengomalvadao 
#GabiGOL https://t.co/btR1kZuia7"
1539260569827659779,1553006005222625283,2022-07-29T13:14:19.000Z,1553006005222625283,,0,0,0,17,"RT @flanatico88: ⚫FLAMENGUISTA SEGUE FLAMENGUISTA🔴

⚫RT ESSE TWEET🔴
⚫SIGA QUEM DER FAV🔴
⚫SIGA QUEM DER RT🔴
⚫SIGA QUEM TE SEGUIR🔴
⚫️ SIGA QU…"
1534001808988839936,1554655219971231746,2022-08-03T02:27:43.000Z,1554655219971231746,,0,0,0,0,"#LibertadoresNoSBT 
#flamengomalvadao 
🔴⚫👊💥 https://t.co/Juqt2VGwt6"
918668349239889920,1554575273848446976,2022-08-02T21:10:02.000Z,1554575273848446976,,9,1,3,1,"Flamenguista segue Flamenguista! 🔴⚫
Bora?
🔴
⚫
#RNsegueRN
#FlamengoMalvadao"
1424513108735938563,1554620979250331648,2022-08-03T00:11:39.000Z,1554620979250331648,,0,0,0,0,Vamos #Flamengo #FLAxCOR #flamengomalvadao #souflamengo #VamosFlamengo https://t.co/8hvIvD35bV
293526553,1554655842053545984,2022-08-03T02:30:11.000Z,1554655842053545984,,0,0,0,1,"Tem nada ganho, boa vantagem, pés no chão!

Mas que exibição de gala 🔴⚫👏🏾
Te amo #FlamengoMalvadao"
1025441486429712384,1553633199225507840,2022-07-31T06:46:34.000Z,1553633199225507840,,0,0,0,35,"RT @naza_master: ⚫FLAMENGUISTA SEGUE FLAMENGUISTA🔴

⚫RT ESSE TWEET🔴
⚫SIGA QUEM DER FAV🔴
⚫SIGA QUEM DER RT🔴
⚫SIGA QUEM TE SEGUIR🔴
⚫️ SIGA QU…"
1535795898244280320,1554656186204672000,2022-08-03T02:31:33.000Z,1554656186204672000,,0,0,0,0,Ei secador👀Não teve jeito neh ? Ficou acordado até tarde pra nada😂😂😂❤️🖤⚫️🔴 vamos #flamengomalvadao
884323732986179584,1554572936337674240,2022-08-02T21:00:45.000Z,1554572936337674240,,0,0,0,42,"RT @naza_master: ⚫FLAMENGUISTA SEGUE FLAMENGUISTA🔴

⚫RT ESSE TWEET🔴
⚫SIGA QUEM DER FAV🔴
⚫SIGA QUEM DER RT🔴
⚫SIGA QUEM TE SEGUIR🔴
⚫️ SIGA QU…"
1038848290400493575,1554654542729564161,2022-08-03T02:25:01.000Z,1554654542729564161,,1,0,0,0,"CHUPA CORINTHIANS !!!
YURI ALBERTO É O CARALHO KKKKKKKKKK

#flamengomalvadao #Libertadores2022"
883479258634625025,1553454321236430855,2022-07-30T18:55:46.000Z,1553454321236430855,,0,0,0,35,"RT @naza_master: ⚫FLAMENGUISTA SEGUE FLAMENGUISTA🔴

⚫RT ESSE TWEET🔴
⚫SIGA QUEM DER FAV🔴
⚫SIGA QUEM DER RT🔴
⚫SIGA QUEM TE SEGUIR🔴
⚫️ SIGA QU…"
1491845037663076357,1554638856376516612,2022-08-03T01:22:41.000Z,1554638856376516612,,0,0,0,0,Bora Flamengo faz teu nome mais uma vez #LibertadoresNoSBT #flamengomalvadao
2725865987,1554481550099628033,2022-08-02T14:57:37.000Z,1554481550099628033,,0,0,0,30,"RT @ajudesalvardan1: #flamengomalvadao 
E uma luta incansável pessoal ajudem divulguem pois Daniel tem um gasto de 2500.00 por mes sem cont…"
1387560553804087297,1554466958917222402,2022-08-02T13:59:38.000Z,1554466958917222402,,0,0,0,37,"RT @naza_master: ⚫FLAMENGUISTA SEGUE FLAMENGUISTA🔴

⚫RT ESSE TWEET🔴
⚫SIGA QUEM DER FAV🔴
⚫SIGA QUEM DER RT🔴
⚫SIGA QUEM TE SEGUIR🔴
⚫️ SIGA QU…"
1361031685,1553096442415403008,2022-07-29T19:13:41.000Z,1553096442415403008,,0,0,0,44,"RT @naza_master: ⚫FLAMENGUISTA SEGUE FLAMENGUISTA🔴

⚫RT ESSE TWEET🔴
⚫SIGA QUEM DER FAV🔴
⚫SIGA QUEM DER RT🔴
⚫SIGA QUEM TE SEGUIR🔴
⚫️ SIGA QU…"
269042848,1554658180701061120,2022-08-03T02:39:29.000Z,1554658180701061120,,0,0,0,0,GABIGOAT #FLAxCOR #flamengomalvadao #flamengo
904454922049126405,1552730302350594055,2022-07-28T18:58:47.000Z,1552730302350594055,,0,0,0,41,"RT @naza_master: ⚫FLAMENGUISTA SEGUE FLAMENGUISTA🔴

⚫RT ESSE TWEET🔴
⚫SIGA QUEM DER FAV🔴
⚫SIGA QUEM DER RT🔴
⚫SIGA QUEM TE SEGUIR🔴
⚫️ SIGA QU…"
1554506614622879744,1554515326011858946,2022-08-02T17:11:49.000Z,1554515326011858946,,0,0,0,51,"RT @VictorFla_: ⚫FLAMENGUISTA SEGUE FLAMENGUISTA🔴

⚫RT ESSE TWEET🔴
⚫SIGA QUEM DER FAV🔴
⚫SIGA QUEM DER RT🔴
⚫SIGA QUEM TE SEGUIR🔴
⚫️ SIGA QUE…"
1380205052044906503,1554657595964755969,2022-08-03T02:37:09.000Z,1554657595964755969,,2,0,0,0,"Respeita os crias da Gávea 
#CRF #flamengomalvadao #FLAxCOR #mengo #FlaTT #issoaquivaiviraruminferno #issoaquieflamengo https://t.co/uHSY5aVAzN"
1540849609676832768,1553530165921185792,2022-07-30T23:57:09.000Z,1553530165921185792,,0,0,0,35,"RT @naza_master: ⚫FLAMENGUISTA SEGUE FLAMENGUISTA🔴

⚫RT ESSE TWEET🔴
⚫SIGA QUEM DER FAV🔴
⚫SIGA QUEM DER RT🔴
⚫SIGA QUEM TE SEGUIR🔴
⚫️ SIGA QU…"
1529289559510601731,1553417931089903617,2022-07-30T16:31:10.000Z,1553417931089903617,,0,0,0,44,"RT @naza_master: ⚫FLAMENGUISTA SEGUE FLAMENGUISTA🔴

⚫RT ESSE TWEET🔴
⚫SIGA QUEM DER FAV🔴
⚫SIGA QUEM DER RT🔴
⚫SIGA QUEM TE SEGUIR🔴
⚫️ SIGA QU…"
1387560553804087297,1554567270478872577,2022-08-02T20:38:14.000Z,1554567270478872577,,0,0,0,42,"RT @naza_master: ⚫FLAMENGUISTA SEGUE FLAMENGUISTA🔴

⚫RT ESSE TWEET🔴
⚫SIGA QUEM DER FAV🔴
⚫SIGA QUEM DER RT🔴
⚫SIGA QUEM TE SEGUIR🔴
⚫️ SIGA QU…"
1361031685,1553819584569942019,2022-07-31T19:07:12.000Z,1553819584569942019,,0,0,0,43,"RT @naza_master: ⚫FLAMENGUISTA SEGUE FLAMENGUISTA🔴

⚫RT ESSE TWEET🔴
⚫SIGA QUEM DER FAV🔴
⚫SIGA QUEM DER RT🔴
⚫SIGA QUEM TE SEGUIR🔴
⚫️ SIGA QU…"
933438038897774594,1554658700626956288,2022-08-03T02:41:33.000Z,1554658700626956288,741898704,2,0,0,0,"@GiorgiandeA  @Flamengo  

#Vamosflamengo #flamengomalvadao https://t.co/nnT7UwEixX"
303494985,1553788387345195009,2022-07-31T17:03:14.000Z,1553788387345195009,,0,0,0,35,"RT @naza_master: ⚫FLAMENGUISTA SEGUE FLAMENGUISTA🔴

⚫RT ESSE TWEET🔴
⚫SIGA QUEM DER FAV🔴
⚫SIGA QUEM DER RT🔴
⚫SIGA QUEM TE SEGUIR🔴
⚫️ SIGA QU…"
919910131487395840,1554801977577689090,2022-08-03T12:10:52.000Z,1554801977577689090,59591856,0,0,0,0,"@Flamengo vence o Corinthians e isso faz feliz o torcedor pobre, mas também faz feliz o torcedor rico, o que aumenta a desigualdade.

Miriam Leitão

#flamengomalvadao"
1070846019980664834,1554593868728999936,2022-08-02T22:23:55.000Z,1554593868728999936,,0,0,0,51,"RT @VictorFla_: ⚫FLAMENGUISTA SEGUE FLAMENGUISTA🔴

⚫RT ESSE TWEET🔴
⚫SIGA QUEM DER FAV🔴
⚫SIGA QUEM DER RT🔴
⚫SIGA QUEM TE SEGUIR🔴
⚫️ SIGA QUE…"
1218560468152995840,1552730076143394816,2022-07-28T18:57:53.000Z,1552730076143394816,,236,0,23,41,"⚫FLAMENGUISTA SEGUE FLAMENGUISTA🔴

⚫RT ESSE TWEET🔴
⚫SIGA QUEM DER FAV🔴
⚫SIGA QUEM DER RT🔴
⚫SIGA QUEM TE SEGUIR🔴
⚫️ SIGA QUEM CURTIR SEU COMENTÁRIO 🔴

➡ Vou seguir todos que derem RT/e me seguir.
#RNsegueRN
#flamengomalvadao"
1508288448964309003,1554556024958353408,2022-08-02T19:53:33.000Z,1554556024958353408,,0,0,0,51,"RT @VictorFla_: ⚫FLAMENGUISTA SEGUE FLAMENGUISTA🔴

⚫RT ESSE TWEET🔴
⚫SIGA QUEM DER FAV🔴
⚫SIGA QUEM DER RT🔴
⚫SIGA QUEM TE SEGUIR🔴
⚫️ SIGA QUE…"
1539260569827659779,1554219282061565955,2022-08-01T21:35:27.000Z,1554219282061565955,,82,0,5,10,"BOA NOITE NR🌟🔴⚫

⚫FLAMENGUISTA SEGUE FLAMENGUISTA🔴

⚫RT ESSE TWEET🔴
⚫SIGA QUEM DER FAV🔴
⚫SIGA QUEM DER RT🔴
⚫SIGA QUEM TE SEGUIR🔴
⚫️ SIGA QUEM CURTIR SEU COMENTÁRIO 🔴

➡ Vou seguir todos que derem RT/e me seguir.
#RNsegueRN
#flamengomalvadao https://t.co/gz6kvTUckd"
1361031685,1552765656113750016,2022-07-28T21:19:16.000Z,1552765656113750016,,0,0,0,40,"RT @naza_master: ⚫FLAMENGUISTA SEGUE FLAMENGUISTA🔴

⚫RT ESSE TWEET🔴
⚫SIGA QUEM DER FAV🔴
⚫SIGA QUEM DER RT🔴
⚫SIGA QUEM TE SEGUIR🔴
⚫️ SIGA QU…"
2849077113,1554654346469588992,2022-08-03T02:24:14.000Z,1554654346469588992,,0,0,0,0,"Flamengo tá deixando a gente sonhar de novo, tá me lembrando 2019 #flamengomalvadao"
1325603466727796738,1554639978126262272,2022-08-03T01:27:09.000Z,1554639978126262272,,0,0,0,0,Irmão eu nasci e renasci pra ver o @GiorgiandeA VESTIR A CAMISA DO @Flamengo e JOGAR UMA BARBARIDADE EM ALTO NÍVEL. #flamengomalvadao
